date,risk_off,curve_inverted,inflation_up,growth_down,vix_level,credit_stress,yield_curve,growth_trend,inflation_trend,vix_quartile
2011-06-03,0.0,0.0,1.0,0.0,15.979999542236328,2.6,2.6000999999999976,0.02248891889831528,0.034589718808965,Q2
2011-06-10,0.0,0.0,1.0,0.0,17.950000762939453,2.64,2.6000999999999976,0.02248891889831528,0.034589718808965,Q3
2011-06-17,0.0,0.0,1.0,0.0,18.860000610351562,2.63,2.6,0.02248891889831528,0.034589718808965,Q3
2011-06-24,0.0,0.0,1.0,0.0,21.850000381469727,2.65,2.59,0.02248891889831528,0.034589718808965,Q4_high
2011-07-01,0.0,0.0,1.0,0.0,21.100000381469727,2.73,2.57,0.023688810428642126,0.03502318150636041,Q4_high
2011-07-08,0.0,0.0,1.0,0.0,15.869999885559082,2.71,2.58,0.023688810428642126,0.03502318150636041,Q2
2011-07-15,0.0,0.0,1.0,0.0,15.949999809265137,2.79,2.56,0.023688810428642126,0.03502318150636041,Q2
2011-07-22,0.0,0.0,1.0,0.0,19.530000686645508,2.83,2.53,0.023688810428642126,0.03502318150636041,Q3
2011-07-29,0.0,0.0,1.0,0.0,17.520000457763672,2.69,2.6000999999999976,0.02484132372991299,0.035798809769996165,Q3
2011-08-05,0.0,0.0,1.0,0.0,25.25,2.73,2.6000999999999976,0.02484132372991299,0.035798809769996165,Q4_high
2011-08-12,0.0,0.0,1.0,0.0,32.0,2.8,2.57,0.02484132372991299,0.035798809769996165,Q4_high
2011-08-19,1.0,0.0,1.0,0.0,36.36000061035156,2.75,2.59,0.02484132372991299,0.035798809769996165,Q4_high
2011-08-26,1.0,0.0,1.0,0.0,42.96089908599851,2.77,2.46,0.02484132372991299,0.035798809769996165,Q4_high
2011-09-02,1.0,0.0,1.0,0.0,35.59000015258789,2.77,2.3,0.027992943499441703,0.0375499603070808,Q4_high
2011-09-09,1.0,0.0,1.0,0.0,33.91999816894531,3.14,2.04,0.027992943499441703,0.0375499603070808,Q4_high
2011-09-16,1.0,0.0,1.0,0.0,38.52000045776367,3.12,1.87,0.027992943499441703,0.0375499603070808,Q4_high
2011-09-23,0.0,0.0,1.0,0.0,30.979999542236328,3.25,1.99,0.027992943499441703,0.0375499603070808,Q4_high
2011-09-30,1.0,0.0,1.0,0.0,41.25,3.18,1.82,0.024123837996766095,0.0375499603070808,Q4_high
2011-10-07,1.0,0.0,1.0,0.0,42.959999084472656,3.28,1.76,0.024123837996766095,0.0375499603070808,Q4_high
2011-10-14,1.0,0.0,1.0,0.0,36.20000076293945,3.31,1.9,0.024123837996766095,0.0375499603070808,Q4_high
2011-10-21,0.0,0.0,1.0,0.0,28.239999771118164,3.31,1.61,0.024123837996766095,0.0375499603070808,Q4_high
2011-10-28,0.0,0.0,1.0,0.0,31.31999969482422,3.3,1.67,0.027034112523101284,0.03452416280503123,Q4_high
2011-11-04,0.0,0.0,1.0,0.0,24.530000686645508,3.32,1.8,0.03416215073206175,0.035222681306640524,Q4_high
2011-11-11,0.0,0.0,1.0,0.0,30.15999984741211,3.26,1.98,0.03416215073206175,0.035222681306640524,Q4_high
2011-11-18,0.0,0.0,1.0,0.0,30.040000915527344,3.18,1.93,0.03416215073206175,0.035222681306640524,Q4_high
2011-11-25,0.0,0.0,1.0,0.0,32.0,2.99,2.06,0.03416215073206175,0.035222681306640524,Q4_high
2011-12-02,1.0,0.0,1.0,0.0,34.470001220703125,3.06,1.84,0.03317419578768788,0.03451432214581729,Q4_high
2011-12-09,0.0,0.0,1.0,0.0,27.520000457763672,3.14,1.8,0.03317419578768788,0.03451432214581729,Q4_high
2011-12-16,0.0,0.0,1.0,0.0,26.3799991607666,3.14,1.72,0.03317419578768788,0.03451432214581729,Q4_high
2011-12-23,0.0,0.0,1.0,0.0,24.290000915527344,3.18,1.69,0.03317419578768788,0.03451432214581729,Q4_high
2011-12-30,0.0,0.0,1.0,0.0,20.729999542236328,3.24,1.8,0.02859134467066693,0.03062066838419386,Q3
2012-01-06,0.0,0.0,1.0,0.0,23.399999618530273,3.28,1.85,0.02859134467066693,0.03062066838419386,Q4_high
2012-01-13,0.0,0.0,1.0,0.0,20.6299991607666,3.26,1.62,0.02859134467066693,0.03062066838419386,Q3
2012-01-20,0.0,0.0,1.0,0.0,20.90999984741211,3.32,1.75,0.02859134467066693,0.03062066838419386,Q4_high
2012-01-27,0.0,0.0,1.0,0.0,18.280000686645508,3.27,1.64,0.02859134467066693,0.03062066838419386,Q3
2012-02-03,0.0,0.0,1.0,0.0,18.530000686645508,3.27,1.73,0.03691001632410296,0.030087663379855023,Q3
2012-02-10,0.0,0.0,1.0,0.0,17.100000381469727,3.24,1.65,0.03691001632410296,0.030087663379855023,Q3
2012-02-17,0.0,0.0,1.0,0.0,20.790000915527344,3.24,1.79,0.03691001632410296,0.030087663379855023,Q4_high
2012-02-24,0.0,0.0,1.0,0.0,17.780000686645508,3.28,1.71,0.03691001632410296,0.030087663379855023,Q3
2012-03-02,0.0,0.0,1.0,0.0,17.309999465942383,3.26,1.74,0.04353587280888749,0.028981784423473878,Q3
2012-03-09,0.0,0.0,1.0,0.0,17.290000915527344,3.17,1.69,0.04353587280888749,0.028981784423473878,Q3
2012-03-16,0.0,0.0,1.0,0.0,17.110000610351562,3.17,1.72,0.04353587280888749,0.028981784423473878,Q3
2012-03-23,0.0,0.0,1.0,0.0,14.470000267028809,3.12,1.67,0.04353587280888749,0.028981784423473878,Q2
2012-03-30,0.0,0.0,1.0,1.0,14.819999694824219,3.09,1.71,0.028286925428470555,0.025828752813320977,Q2
2012-04-06,0.0,0.0,1.0,1.0,15.5,3.11,1.71,0.028286925428470555,0.025828752813320977,Q2
2012-04-13,0.0,0.0,1.0,1.0,16.700000762939453,3.04,1.94,0.028286925428470555,0.025828752813320977,Q3
2012-04-20,0.0,0.0,1.0,1.0,19.549999237060547,3.01,1.88,0.028286925428470555,0.025828752813320977,Q3
2012-04-27,0.0,0.0,0.0,0.0,17.440000534057617,3.07,1.9,0.031619335237894175,0.02103590919841314,Q3
2012-05-04,0.0,0.0,1.0,0.0,16.31999969482422,3.13,1.75,0.0390402975636337,0.022731633741348567,Q3
2012-05-11,0.0,0.0,1.0,0.0,19.15999984741211,3.15,1.75,0.0390402975636337,0.022731633741348567,Q3
2012-05-18,0.0,0.0,1.0,0.0,19.889999389648438,3.17,1.7,0.0390402975636337,0.022731633741348567,Q3
2012-05-25,0.0,0.0,1.0,0.0,25.100000381469727,3.19,1.7,0.0390402975636337,0.022731633741348567,Q4_high
2012-06-01,0.0,0.0,0.0,0.0,21.760000228881836,3.19,1.64,0.040185114178595605,0.01737942937466075,Q4_high
2012-06-08,1.0,0.0,0.0,0.0,26.65999984741211,3.22,1.57,0.040185114178595605,0.01737942937466075,Q4_high
2012-06-15,0.0,0.0,0.0,0.0,21.229999542236328,3.27,1.39,0.040185114178595605,0.01737942937466075,Q4_high
2012-06-22,0.0,0.0,0.0,0.0,21.110000610351562,3.37,1.45,0.040185114178595605,0.01737942937466075,Q4_high
2012-06-29,0.0,0.0,0.0,0.0,18.110000610351562,3.41,1.22,0.037105509068513065,0.01653870448297634,Q3
2012-07-06,0.0,0.0,0.0,0.0,17.079999923706055,3.44,1.37,0.037105509068513065,0.01653870448297634,Q3
2012-07-13,0.0,0.0,0.0,0.0,17.100000381469727,3.42,1.31,0.037105509068513065,0.01653870448297634,Q3
2012-07-20,0.0,0.0,0.0,0.0,16.739999771118164,3.36,1.38,0.037105509068513065,0.01653870448297634,Q3
2012-07-27,0.0,0.0,0.0,1.0,16.270000457763672,3.39,1.34,0.03202058413288822,0.013882295525632804,Q3
2012-08-03,0.0,0.0,0.0,1.0,16.700000762939453,3.41,1.3,0.03418677881567289,0.014175114798464783,Q3
2012-08-10,0.0,0.0,0.0,1.0,15.640000343322754,3.37,1.27,0.03418677881567289,0.014175114798464783,Q2
2012-08-17,0.0,0.0,0.0,1.0,14.739999771118164,3.31,1.27,0.03418677881567289,0.014175114798464783,Q2
2012-08-24,0.0,0.0,0.0,1.0,13.449999809265137,3.29,1.33,0.03418677881567289,0.014175114798464783,Q2
2012-08-31,0.0,0.0,0.0,1.0,15.180000305175781,3.26,1.36,0.02285596731143258,0.016859349154821235,Q2
2012-09-07,0.0,0.0,0.0,1.0,17.469999313354492,3.23,1.38,0.02285596731143258,0.016859349154821235,Q3
2012-09-14,0.0,0.0,0.0,1.0,14.380000114440918,3.25,1.52,0.02285596731143258,0.016859349154821235,Q2
2012-09-21,0.0,0.0,0.0,1.0,14.510000228881836,3.21,1.4,0.02285596731143258,0.016859349154821235,Q2
2012-09-28,0.0,0.0,0.0,1.0,13.979999542236328,3.21,1.35,0.023702651684260223,0.014655975145301925,Q2
2012-10-05,0.0,0.0,0.0,1.0,15.729999542236328,3.2,1.42,0.022951570495009843,0.019497168982819613,Q2
2012-10-12,0.0,0.0,0.0,1.0,14.329999923706055,3.15,1.61,0.022951570495009843,0.019497168982819613,Q2
2012-10-19,0.0,0.0,0.0,1.0,16.139999389648438,3.06,1.5,0.022951570495009843,0.019497168982819613,Q2
2012-10-26,0.0,0.0,0.0,1.0,17.059999465942383,3.07,1.42,0.022951570495009843,0.019497168982819613,Q3
2012-11-02,0.0,0.0,1.0,1.0,17.809999465942383,2.98,1.48,0.019430024786973865,0.021556780595369363,Q3
2012-11-09,0.0,0.0,0.0,1.0,17.59000015258789,2.85,1.42,0.019430024786973865,0.021556780595369363,Q3
2012-11-16,0.0,0.0,0.0,1.0,18.610000610351562,2.71,1.49,0.019430024786973865,0.021556780595369363,Q3
2012-11-23,0.0,0.0,0.0,1.0,16.40999984741211,2.76,1.48,0.019430024786973865,0.021556780595369363,Q3
2012-11-30,0.0,0.0,0.0,1.0,15.140000343322754,2.77,1.47,0.023257536633332743,0.017960197033926262,Q2
2012-12-07,0.0,0.0,0.0,1.0,15.869999885559082,2.82,1.34,0.023257536633332743,0.017960197033926262,Q2
2012-12-14,0.0,0.0,0.0,1.0,15.899999618530273,2.9,1.34,0.023257536633332743,0.017960197033926262,Q2
2012-12-21,0.0,0.0,0.0,1.0,17.0,2.89,1.41,0.023257536633332743,0.017960197033926262,Q3
2012-12-28,0.0,0.0,0.0,1.0,17.84000015258789,2.95,1.37,0.017856494228240427,0.017718276758954765,Q3
2013-01-04,0.0,0.0,0.0,1.0,22.719999313354492,2.96,1.39,0.020268355938483085,0.017595049796895523,Q4_high
2013-01-11,0.0,0.0,0.0,1.0,13.829999923706055,2.9,1.48,0.020268355938483085,0.017595049796895523,Q2
2013-01-18,0.0,0.0,0.0,1.0,13.359999656677246,2.86,1.51,0.020268355938483085,0.017595049796895523,Q1_low
2013-01-25,0.0,0.0,0.0,1.0,12.460000038146973,2.85,1.46,0.020268355938483085,0.017595049796895523,Q1_low
2013-02-01,0.0,0.0,0.0,1.0,12.890000343322754,2.81,1.66,0.014467904237824847,0.01684061762098299,Q1_low
2013-02-08,0.0,0.0,0.0,1.0,12.899999618530273,2.8,1.63,0.014467904237824847,0.01684061762098299,Q1_low
2013-02-15,0.0,0.0,0.0,1.0,13.020000457763672,2.82,1.61,0.014467904237824847,0.01684061762098299,Q1_low
2013-02-22,0.0,0.0,0.0,1.0,12.460000038146973,2.82,1.7,0.014467904237824847,0.01684061762098299,Q1_low
2013-03-01,0.0,0.0,0.0,1.0,14.170000076293945,2.84,1.77,0.015945538776370727,0.020181404902574807,Q2
2013-03-08,0.0,0.0,0.0,1.0,15.359999656677246,2.86,1.74,0.015945538776370727,0.020181404902574807,Q2
2013-03-15,0.0,0.0,0.0,1.0,12.59000015258789,2.85,1.72,0.015945538776370727,0.020181404902574807,Q1_low
2013-03-22,0.0,0.0,0.0,1.0,11.300000190734863,2.87,1.7,0.015945538776370727,0.020181404902574807,Q1_low
2013-03-29,0.0,0.0,0.0,1.0,13.569999694824219,2.9,1.61,0.02534732272069462,0.015187472411246183,Q2
2013-04-05,0.0,0.0,0.0,1.0,12.699999809265137,2.88,1.79,0.02534732272069462,0.015187472411246183,Q1_low
2013-04-12,0.0,0.0,0.0,1.0,13.920000076293945,2.89,1.76,0.02534732272069462,0.015187472411246183,Q2
2013-04-19,0.0,0.0,0.0,1.0,12.0600004196167,2.9,1.67,0.02534732272069462,0.015187472411246183,Q1_low
2013-04-26,0.0,0.0,0.0,1.0,14.970000267028809,2.96,1.62,0.02534732272069462,0.015187472411246183,Q2
2013-05-03,0.0,0.0,0.0,1.0,13.609999656677246,2.82,1.48,0.017145631127746475,0.01138808047576867,Q2
2013-05-10,0.0,0.0,0.0,1.0,12.850000381469727,2.82,1.53,0.017145631127746475,0.01138808047576867,Q1_low
2013-05-17,0.0,0.0,0.0,1.0,12.59000015258789,2.81,1.49,0.017145631127746475,0.01138808047576867,Q1_low
2013-05-24,0.0,0.0,0.0,1.0,12.449999809265137,2.81,1.48,0.017145631127746475,0.01138808047576867,Q1_low
2013-05-31,0.0,0.0,0.0,1.0,13.989999771118164,2.82,1.56,0.015594777439077445,0.013903888279197085,Q2
2013-06-07,0.0,0.0,0.0,1.0,16.299999237060547,2.82,1.64,0.015594777439077445,0.013903888279197085,Q3
2013-06-14,0.0,0.0,0.0,1.0,15.140000343322754,2.81,1.69,0.015594777439077445,0.013903888279197085,Q2
2013-06-21,0.0,0.0,0.0,1.0,17.149999618530273,2.75,1.75,0.015594777439077445,0.013903888279197085,Q3
2013-06-28,0.0,0.0,0.0,1.0,18.899999618530273,2.79,1.86,0.015538624889035235,0.014742434055066367,Q3
2013-07-05,0.0,0.0,0.0,1.0,16.860000610351562,2.89,1.85,0.017645800035426706,0.017157935271568725,Q3
2013-07-12,0.0,0.0,0.0,1.0,14.890000343322754,2.93,1.85,0.017645800035426706,0.017157935271568725,Q2
2013-07-19,0.0,0.0,0.0,1.0,13.84000015258789,2.87,2.14,0.017645800035426706,0.017157935271568725,Q2
2013-07-26,0.0,0.0,0.0,1.0,12.539999961853027,2.83,2.16,0.017645800035426706,0.017157935271568725,Q1_low
2013-08-02,0.0,0.0,1.0,1.0,12.720000267028809,2.77,2.33,0.012364196654177428,0.01885471805415806,Q1_low
2013-08-09,0.0,0.0,0.0,1.0,11.979999542236328,2.77,2.24,0.012364196654177428,0.01885471805415806,Q1_low
2013-08-16,0.0,0.0,0.0,1.0,13.40999984741211,2.74,2.18,0.012364196654177428,0.01885471805415806,Q1_low
2013-08-23,0.0,0.0,0.0,1.0,14.369999885559082,2.67,2.27,0.012364196654177428,0.01885471805415806,Q2
2013-08-30,0.0,0.0,0.0,1.0,13.979999542236328,2.68,2.33,0.022593571227008002,0.01538809488600279,Q2
2013-09-06,0.0,0.0,0.0,1.0,17.010000228881836,2.74,2.25,0.022593571227008002,0.01538809488600279,Q3
2013-09-13,0.0,0.0,0.0,1.0,15.850000381469727,2.7,2.48,0.022593571227008002,0.01538809488600279,Q2
2013-09-20,0.0,0.0,0.0,1.0,14.15999984741211,2.67,2.42,0.022593571227008002,0.01538809488600279,Q2
2013-09-27,0.0,0.0,0.0,1.0,13.119999885559082,2.56,2.39,0.022593571227008002,0.01538809488600279,Q1_low
2013-10-04,0.0,0.0,0.0,0.0,15.460000038146973,2.59,2.48,0.02854766330187619,0.010947341081747997,Q2
2013-10-11,0.0,0.0,0.0,0.0,16.739999771118164,2.64,2.45,0.02854766330187619,0.010947341081747997,Q3
2013-10-18,0.0,0.0,0.0,0.0,15.720000267028809,2.68,2.41,0.02854766330187619,0.010947341081747997,Q2
2013-10-25,0.0,0.0,0.0,0.0,13.039999961853027,2.73,2.3,0.02854766330187619,0.010947341081747997,Q1_low
2013-11-01,0.0,0.0,0.0,1.0,13.09000015258789,2.76,2.33,0.024178437626957816,0.00876799143491147,Q1_low
2013-11-08,0.0,0.0,0.0,1.0,13.279999732971191,2.68,2.35,0.024178437626957816,0.00876799143491147,Q1_low
2013-11-15,0.0,0.0,0.0,1.0,12.899999618530273,2.66,2.27,0.024178437626957816,0.00876799143491147,Q1_low
2013-11-22,0.0,0.0,0.0,1.0,12.1899995803833,2.66,2.21,0.024178437626957816,0.00876799143491147,Q1_low
2013-11-29,0.0,0.0,0.0,1.0,12.260000228881836,2.64,2.32,0.02281966236973343,0.012328701961954458,Q1_low
2013-12-06,0.0,0.0,0.0,1.0,13.699999809265137,2.69,2.45,0.02281966236973343,0.012328701961954458,Q2
2013-12-13,0.0,0.0,0.0,1.0,13.789999961853027,2.7,2.4,0.02281966236973343,0.012328701961954458,Q2
2013-12-20,0.0,0.0,0.0,1.0,15.760000228881836,2.65,2.44,0.02281966236973343,0.012328701961954458,Q2
2013-12-27,0.0,0.0,0.0,1.0,13.789999961853027,2.61,2.47,0.02281966236973343,0.012328701961954458,Q2
2014-01-03,0.0,0.0,0.0,1.0,12.460000038146973,2.58,2.58,0.02245344069429267,0.015128383667573297,Q1_low
2014-01-10,0.0,0.0,0.0,1.0,13.760000228881836,2.5,2.54,0.02245344069429267,0.015128383667573297,Q2
2014-01-17,0.0,0.0,0.0,1.0,12.140000343322754,2.38,2.52,0.02245344069429267,0.015128383667573297,Q1_low
2014-01-24,0.0,0.0,0.0,1.0,12.4399995803833,2.37,2.6000999999999976,0.02245344069429267,0.015128383667573297,Q1_low
2014-01-31,0.0,0.0,0.0,1.0,18.139999389648438,2.34,2.6,0.01856627704298197,0.01557758795574915,Q3
2014-02-07,0.0,0.0,0.0,1.0,18.40999984741211,2.32,2.49,0.01856627704298197,0.01557758795574915,Q3
2014-02-14,0.0,0.0,0.0,1.0,15.289999961853027,2.33,2.44,0.01856627704298197,0.01557758795574915,Q2
2014-02-21,0.0,0.0,0.0,1.0,13.569999694824219,2.35,2.38,0.01856627704298197,0.01557758795574915,Q2
2014-02-28,0.0,0.0,0.0,1.0,14.680000305175781,2.4,2.33,0.013824712204473677,0.01009285772547952,Q2
2014-03-07,0.0,0.0,0.0,1.0,14.0,2.42,2.41,0.02148610089064018,0.011204746347724948,Q2
2014-03-14,0.0,0.0,0.0,1.0,14.109999656677246,2.38,2.43,0.02148610089064018,0.011204746347724948,Q2
2014-03-21,0.0,0.0,0.0,1.0,17.81999969482422,2.38,2.4,0.02148610089064018,0.011204746347724948,Q3
2014-03-28,0.0,0.0,0.0,1.0,15.0,2.35,2.33,0.017387473397578956,0.014056190320386408,Q2
2014-04-04,0.0,0.0,0.0,0.0,14.40999984741211,2.34,2.42,0.02724108069090181,0.016126949139408042,Q2
2014-04-11,0.0,0.0,0.0,0.0,13.960000038146973,2.4,2.29,0.02724108069090181,0.016126949139408042,Q2
2014-04-18,0.0,0.0,0.0,0.0,17.030000686645508,2.32,2.3,0.02724108069090181,0.016126949139408042,Q3
2014-04-25,0.0,0.0,0.0,0.0,13.359999656677246,2.25,2.28,0.02724108069090181,0.016126949139408042,Q1_low
2014-05-02,0.0,0.0,1.0,0.0,14.0600004196167,2.25,2.31,0.029123215934373725,0.02015125303606169,Q2
2014-05-09,0.0,0.0,1.0,0.0,12.90999984741211,2.23,2.26,0.029123215934373725,0.02015125303606169,Q1_low
2014-05-16,0.0,0.0,1.0,0.0,12.920000076293945,2.16,2.3,0.029123215934373725,0.02015125303606169,Q1_low
2014-05-23,0.0,0.0,1.0,0.0,12.4399995803833,2.13,2.25,0.029123215934373725,0.02015125303606169,Q1_low
2014-05-30,0.0,0.0,1.0,0.0,11.359999656677246,2.14,2.18,0.03226027611336124,0.02166947687079812,Q1_low
2014-06-06,0.0,0.0,1.0,0.0,11.399999618530273,2.21,2.22,0.03226027611336124,0.02166947687079812,Q1_low
2014-06-13,0.0,0.0,1.0,0.0,10.729999542236328,2.2,2.14,0.03226027611336124,0.02166947687079812,Q1_low
2014-06-20,0.0,0.0,1.0,0.0,12.180000305175781,2.24,2.17,0.03226027611336124,0.02166947687079812,Q1_low
2014-06-27,0.0,0.0,1.0,0.0,10.850000381469727,2.22,2.11,0.03226027611336124,0.02166947687079812,Q1_low
2014-07-04,0.0,0.0,1.0,0.0,11.260000228881836,2.23,2.19,0.03365841732090935,0.020589816945944195,Q1_low
2014-07-11,0.0,0.0,1.0,0.0,10.319999694824219,2.19,2.15,0.03365841732090935,0.020589816945944195,Q1_low
2014-07-18,0.0,0.0,1.0,0.0,12.079999923706055,2.2,2.13,0.03365841732090935,0.020589816945944195,Q1_low
2014-07-25,0.0,0.0,1.0,0.0,12.0600004196167,2.2,2.09,0.03365841732090935,0.020589816945944195,Q1_low
2014-08-01,0.0,0.0,1.0,0.0,12.6899995803833,2.21,2.13,0.03917788807990186,0.019742378703305974,Q1_low
2014-08-08,0.0,0.0,1.0,0.0,17.030000686645508,2.2,2.05,0.03917788807990186,0.019742378703305974,Q3
2014-08-15,0.0,0.0,1.0,0.0,15.770000457763672,2.2,1.99,0.03917788807990186,0.019742378703305974,Q2
2014-08-22,0.0,0.0,1.0,0.0,13.149999618530273,2.19,1.95,0.03917788807990186,0.019742378703305974,Q1_low
2014-08-29,0.0,0.0,0.0,0.0,11.470000267028809,2.23,2.05,0.031253041765382905,0.017150983482969062,Q1_low
2014-09-05,0.0,0.0,0.0,0.0,12.09000015258789,2.27,1.99,0.031253041765382905,0.017150983482969062,Q1_low
2014-09-12,0.0,0.0,0.0,0.0,12.09000015258789,2.29,1.92,0.031253041765382905,0.017150983482969062,Q1_low
2014-09-19,0.0,0.0,0.0,0.0,13.3100004196167,2.26,1.87,0.031253041765382905,0.017150983482969062,Q1_low
2014-09-26,0.0,0.0,0.0,0.0,12.109999656677246,2.23,1.87,0.031253041765382905,0.017150983482969062,Q1_low
2014-10-03,0.0,0.0,0.0,0.0,14.850000381469727,2.29,1.94,0.0289843352202952,0.016840509711232077,Q2
2014-10-10,0.0,0.0,0.0,0.0,14.550000190734863,2.27,2.04,0.0289843352202952,0.016840509711232077,Q2
2014-10-17,1.0,0.0,0.0,0.0,21.239999771118164,2.26,2.0,0.0289843352202952,0.016840509711232077,Q4_high
2014-10-24,1.0,0.0,0.0,0.0,21.989999771118164,2.27,1.95,0.0289843352202952,0.016840509711232077,Q4_high
2014-10-31,0.0,0.0,0.0,0.0,16.110000610351562,2.29,1.88,0.029919466037849007,0.016095417021513292,Q2
2014-11-07,0.0,0.0,0.0,0.0,14.029999732971191,2.36,1.86,0.029919466037849007,0.016095417021513292,Q2
2014-11-14,0.0,0.0,0.0,0.0,13.119999885559082,2.44,1.83,0.029919466037849007,0.016095417021513292,Q1_low
2014-11-21,0.0,0.0,0.0,0.0,13.3100004196167,2.43,1.88,0.029919466037849007,0.016095417021513292,Q1_low
2014-11-28,0.0,0.0,0.0,0.0,12.899999618530273,2.39,1.85,0.02751909469894076,0.014224690303289211,Q1_low
2014-12-05,0.0,0.0,0.0,0.0,13.329999923706055,2.43,1.81,0.0338610667511996,0.01231524989320798,Q1_low
2014-12-12,0.0,0.0,0.0,0.0,11.890000343322754,2.48,1.78,0.0338610667511996,0.01231524989320798,Q1_low
2014-12-19,1.0,0.0,0.0,0.0,21.079999923706055,2.49,1.78,0.0338610667511996,0.01231524989320798,Q4_high
2014-12-26,0.0,0.0,0.0,0.0,16.489999771118164,2.52,1.71,0.0338610667511996,0.01231524989320798,Q3
2015-01-02,0.0,0.0,0.0,0.0,14.5,2.48,1.66,0.03170492700276073,0.006531213919623191,Q2
2015-01-09,1.0,0.0,0.0,0.0,17.790000915527344,2.58,1.54,0.03170492700276073,0.006531213919623191,Q3
2015-01-16,1.0,0.0,0.0,0.0,17.549999237060547,2.56,1.5,0.03170492700276073,0.006531213919623191,Q3
2015-01-23,1.0,0.0,0.0,0.0,20.950000762939453,2.5,1.52,0.03170492700276073,0.006531213919623191,Q4_high
2015-01-30,0.0,0.0,0.0,0.0,16.65999984741211,2.51,1.46,0.027262407410550527,-0.0010528998928202556,Q3
2015-02-06,1.0,0.0,0.0,0.0,20.969999313354492,2.55,1.39,0.027262407410550527,-0.0010528998928202556,Q4_high
2015-02-13,1.0,0.0,0.0,0.0,17.290000915527344,2.62,1.34,0.027262407410550527,-0.0010528998928202556,Q3
2015-02-20,0.0,0.0,0.0,0.0,14.6899995803833,2.6,1.29,0.027262407410550527,-0.0010528998928202556,Q2
2015-02-27,0.0,0.0,0.0,0.0,14.300000190734863,2.61,1.21,0.027262407410550527,-0.0010528998928202556,Q2
2015-03-06,0.0,0.0,0.0,1.0,13.34000015258789,2.55,1.3,0.0130473816054415,-0.0008703146293520536,Q1_low
2015-03-13,0.0,0.0,0.0,1.0,15.199999809265137,2.55,1.36,0.0130473816054415,-0.0008703146293520536,Q2
2015-03-20,0.0,0.0,0.0,1.0,16.0,2.5,1.46,0.0130473816054415,-0.0008703146293520536,Q2
2015-03-27,0.0,0.0,0.0,1.0,13.020000457763672,2.46,1.37,0.0130473816054415,-0.0008703146293520536,Q1_low
2015-04-03,0.0,0.0,0.0,1.0,15.069999694824219,2.45,1.51,-2.7479483621140055e-05,-0.00022031284423873476,Q2
2015-04-10,0.0,0.0,0.0,1.0,14.670000076293945,2.47,1.45,-2.7479483621140055e-05,-0.00022031284423873476,Q2
2015-04-17,0.0,0.0,0.0,1.0,12.579999923706055,2.51,1.33,-2.7479483621140055e-05,-0.00022031284423873476,Q1_low
2015-04-24,0.0,0.0,0.0,1.0,13.890000343322754,2.53,1.37,-2.7479483621140055e-05,-0.00022031284423873476,Q2
2015-05-01,0.0,0.0,0.0,1.0,12.289999961853027,2.58,1.36,-0.0064445725580629665,-0.0010403098939391064,Q1_low
2015-05-08,0.0,0.0,0.0,1.0,12.699999809265137,2.53,1.39,-0.0064445725580629665,-0.0010403098939391064,Q1_low
2015-05-15,0.0,0.0,0.0,1.0,12.859999656677246,2.53,1.36,-0.0064445725580629665,-0.0010403098939391064,Q1_low
2015-05-22,0.0,0.0,0.0,1.0,12.380000114440918,2.56,1.39,-0.0064445725580629665,-0.0010403098939391064,Q1_low
2015-05-29,0.0,0.0,0.0,1.0,12.130000114440918,2.61,1.52,-0.01460487812501221,0.0003503321824429584,Q1_low
2015-06-05,0.0,0.0,0.0,1.0,13.84000015258789,2.65,1.57,-0.01460487812501221,0.0003503321824429584,Q2
2015-06-12,0.0,0.0,0.0,1.0,14.210000038146973,2.72,1.59,-0.01460487812501221,0.0003503321824429584,Q2
2015-06-19,0.0,0.0,0.0,1.0,13.779999732971191,2.74,1.57,-0.01460487812501221,0.0003503321824429584,Q2
2015-06-26,0.0,0.0,0.0,1.0,13.960000038146973,2.72,1.51,-0.01460487812501221,0.0003503321824429584,Q2
2015-07-03,0.0,0.0,0.0,1.0,14.020000457763672,2.69,1.68,-0.021063902272837942,0.001795718097550525,Q2
2015-07-10,1.0,0.0,0.0,1.0,16.790000915527344,2.7,1.65,-0.021063902272837942,0.001795718097550525,Q3
2015-07-17,1.0,0.0,0.0,1.0,16.829999923706055,2.82,1.61,-0.021063902272837942,0.001795718097550525,Q3
2015-07-24,0.0,0.0,0.0,1.0,11.949999809265137,2.81,1.77,-0.021063902272837942,0.001795718097550525,Q1_low
2015-07-31,0.0,0.0,0.0,1.0,13.739999771118164,2.86,1.76,-0.016903126553953207,0.0022568611104094582,Q2
2015-08-07,0.0,0.0,0.0,1.0,12.119999885559082,2.9,1.77,-0.016903126553953207,0.0022568611104094582,Q1_low
2015-08-14,0.0,0.0,0.0,1.0,13.390000343322754,2.87,1.66,-0.016903126553953207,0.0022568611104094582,Q1_low
2015-08-21,0.0,0.0,0.0,1.0,12.829999923706055,2.87,1.57,-0.016903126553953207,0.0022568611104094582,Q1_low
2015-08-28,1.0,0.0,0.0,1.0,28.030000686645508,2.94,1.53,-0.015043476230139796,0.002417249220921347,Q4_high
2015-09-04,1.0,0.0,0.0,1.0,26.049999237060547,2.91,1.45,-0.016854337113987983,0.002413037985344868,Q4_high
2015-09-11,1.0,0.0,0.0,1.0,27.799999237060547,2.97,1.47,-0.016854337113987983,0.002413037985344868,Q4_high
2015-09-18,1.0,0.0,0.0,1.0,23.200000762939453,3.1,1.41,-0.016854337113987983,0.002413037985344868,Q4_high
2015-09-25,1.0,0.0,0.0,1.0,22.280000686645508,3.13,1.47,-0.016854337113987983,0.002413037985344868,Q4_high
2015-10-02,1.0,0.0,0.0,1.0,23.6200008392334,3.15,1.42,-0.022407414414912674,8.842961634170088e-05,Q4_high
2015-10-09,1.0,0.0,0.0,1.0,20.940000534057617,3.11,1.49,-0.022407414414912674,8.842961634170088e-05,Q4_high
2015-10-16,1.0,0.0,0.0,1.0,17.079999923706055,3.15,1.44,-0.022407414414912674,8.842961634170088e-05,Q3
2015-10-23,0.0,0.0,0.0,1.0,15.050000190734863,3.19,1.47,-0.022407414414912674,8.842961634170088e-05,Q2
2015-10-30,0.0,0.0,0.0,1.0,14.460000038146973,3.34,1.41,-0.027250660674994598,0.0012761656067050708,Q2
2015-11-06,0.0,0.0,0.0,1.0,15.069999694824219,3.26,1.47,-0.027250660674994598,0.0012761656067050708,Q2
2015-11-13,0.0,0.0,0.0,1.0,14.329999923706055,3.28,1.43,-0.027250660674994598,0.0012761656067050708,Q2
2015-11-20,1.0,0.0,0.0,1.0,20.079999923706055,3.23,1.43,-0.027250660674994598,0.0012761656067050708,Q3
2015-11-27,0.0,0.0,0.0,1.0,15.470000267028809,3.19,1.41,-0.027250660674994598,0.0012761656067050708,Q2
2015-12-04,0.0,0.0,0.0,1.0,15.119999885559082,3.17,1.44,-0.04033068306068888,0.004363182169185187,Q2
2015-12-11,0.0,0.0,0.0,1.0,14.8100004196167,3.2,1.42,-0.04033068306068888,0.004363182169185187,Q2
2015-12-18,1.0,0.0,0.0,1.0,24.389999389648438,3.2,1.33,-0.04033068306068888,0.004363182169185187,Q4_high
2015-12-25,1.0,0.0,0.0,1.0,20.700000762939453,3.22,1.3,-0.04033068306068888,0.004363182169185187,Q3
2016-01-01,0.0,0.0,0.0,1.0,15.739999771118164,3.15,1.32,-0.04496144811599123,0.006387247515364791,Q2
2016-01-08,1.0,0.0,0.0,1.0,18.209999084472656,3.24,1.25,-0.04496144811599123,0.006387247515364791,Q3
2016-01-15,1.0,0.0,0.0,1.0,27.010000228881836,3.25,1.22,-0.04496144811599123,0.006387247515364791,Q4_high
2016-01-22,1.0,0.0,0.0,1.0,27.020000457763672,3.22,1.22,-0.04496144811599123,0.006387247515364791,Q4_high
2016-01-29,1.0,0.0,1.0,1.0,22.34000015258789,3.23,1.21,-0.03236256019749162,0.012375025026943876,Q4_high
2016-02-05,1.0,0.0,1.0,1.0,20.200000762939453,3.31,1.19,-0.03236256019749162,0.012375025026943876,Q3
2016-02-12,1.0,0.0,1.0,1.0,23.3799991607666,3.38,1.18,-0.03236256019749162,0.012375025026943876,Q4_high
2016-02-19,1.0,0.0,1.0,1.0,25.399999618530273,3.42,1.19,-0.03236256019749162,0.012375025026943876,Q4_high
2016-02-26,1.0,0.0,1.0,1.0,20.530000686645508,3.48,1.18,-0.03236256019749162,0.012375025026943876,Q3
2016-03-04,1.0,0.0,0.0,1.0,19.809999465942383,3.52,1.12,-0.031193297695960798,0.008472775790126619,Q3
2016-03-11,1.0,0.0,0.0,1.0,16.860000610351562,3.5603999999999907,1.03,-0.031193297695960798,0.008472775790126619,Q3
2016-03-18,0.0,0.0,0.0,1.0,16.5,3.56,1.0,-0.031193297695960798,0.008472775790126619,Q3
2016-03-25,0.0,0.0,0.0,1.0,14.020000457763672,3.56,0.96,-0.031193297695960798,0.008472775790126619,Q2
2016-04-01,0.0,0.0,0.0,1.0,14.739999771118164,3.43,1.0,-0.03515311400177057,0.008916160965521946,Q2
2016-04-08,0.0,0.0,0.0,1.0,13.100000381469727,3.26,1.01,-0.03515311400177057,0.008916160965521946,Q1_low
2016-04-15,0.0,0.0,0.0,1.0,15.359999656677246,3.17,1.04,-0.03515311400177057,0.008916160965521946,Q2
2016-04-22,0.0,0.0,0.0,1.0,13.619999885559082,3.06,1.02,-0.03515311400177057,0.008916160965521946,Q2
2016-04-29,0.0,0.0,1.0,1.0,13.220000267028809,3.1,1.03,-0.026579036961380753,0.011726257503534843,Q1_low
2016-05-06,0.0,0.0,1.0,1.0,15.699999809265137,3.07,1.02,-0.026579036961380753,0.011726257503534843,Q2
2016-05-13,0.0,0.0,0.0,1.0,14.720000267028809,2.99,1.02,-0.026579036961380753,0.011726257503534843,Q2
2016-05-20,0.0,0.0,0.0,1.0,15.039999961853027,2.89,1.05,-0.026579036961380753,0.011726257503534843,Q2
2016-05-27,0.0,0.0,0.0,1.0,15.199999809265137,2.86,1.06,-0.02226422687268992,0.00840080843540747,Q2
2016-06-03,0.0,0.0,0.0,1.0,13.119999885559082,2.87,1.05,-0.02448153056399993,0.010784764621246223,Q1_low
2016-06-10,0.0,0.0,0.0,1.0,13.470000267028809,2.9,0.95,-0.02448153056399993,0.010784764621246223,Q2
2016-06-17,1.0,0.0,0.0,1.0,17.030000686645508,2.86,0.96,-0.02448153056399993,0.010784764621246223,Q3
2016-06-24,1.0,0.0,0.0,1.0,19.40999984741211,2.85,0.95,-0.02448153056399993,0.010784764621246223,Q3
2016-07-01,1.0,0.0,0.0,1.0,25.760000228881836,2.86,0.93,-0.01678117946525337,0.010792865347959424,Q4_high
2016-07-08,0.0,0.0,0.0,1.0,14.770000457763672,2.86,0.91,-0.01678117946525337,0.010792865347959424,Q2
2016-07-15,0.0,0.0,0.0,1.0,13.199999809265137,2.89,0.92,-0.01678117946525337,0.010792865347959424,Q1_low
2016-07-22,0.0,0.0,0.0,1.0,12.670000076293945,2.98,0.93,-0.01678117946525337,0.010792865347959424,Q1_low
2016-07-29,0.0,0.0,0.0,1.0,12.020000457763672,2.86,0.87,-0.02196738284260069,0.008683633430518256,Q1_low
2016-08-05,0.0,0.0,0.0,1.0,11.869999885559082,2.78,0.76,-0.02196738284260069,0.008683633430518256,Q1_low
2016-08-12,0.0,0.0,0.0,1.0,11.390000343322754,2.66,0.89,-0.02196738284260069,0.008683633430518256,Q1_low
2016-08-19,0.0,0.0,0.0,1.0,11.550000190734863,2.66,0.86,-0.02196738284260069,0.008683633430518256,Q1_low
2016-08-26,0.0,0.0,0.0,1.0,11.34000015258789,2.71,0.79,-0.02196738284260069,0.008683633430518256,Q1_low
2016-09-02,0.0,0.0,0.0,1.0,13.649999618530273,2.73,0.87,-0.02164263084601936,0.010553158595656864,Q2
2016-09-09,0.0,0.0,0.0,1.0,11.979999542236328,2.71,0.8,-0.02164263084601936,0.010553158595656864,Q1_low
2016-09-16,1.0,0.0,0.0,1.0,17.5,2.67,0.82,-0.02164263084601936,0.010553158595656864,Q3
2016-09-23,0.0,0.0,0.0,1.0,15.369999885559082,2.63,0.78,-0.02164263084601936,0.010553158595656864,Q2
2016-09-30,0.0,0.0,1.0,1.0,12.289999961853027,2.63,0.8,-0.019939516469206886,0.015486446201652182,Q1_low
2016-10-07,0.0,0.0,1.0,1.0,13.289999961853027,2.67,0.88,-0.019939516469206886,0.015486446201652182,Q1_low
2016-10-14,0.0,0.0,1.0,1.0,13.479999542236328,2.71,0.93,-0.019939516469206886,0.015486446201652182,Q2
2016-10-21,0.0,0.0,1.0,1.0,16.1200008392334,2.68,0.85,-0.019939516469206886,0.015486446201652182,Q2
2016-10-28,0.0,0.0,1.0,1.0,13.34000015258789,2.69,0.83,-0.015177400453786127,0.014482633879183693,Q1_low
2016-11-04,0.0,0.0,1.0,1.0,16.190000534057617,2.63,0.9,-0.015023811304759715,0.01685924966243646,Q2
2016-11-11,1.0,0.0,1.0,1.0,22.510000228881836,2.63,0.96,-0.015023811304759715,0.01685924966243646,Q4_high
2016-11-18,0.0,0.0,1.0,1.0,14.170000076293945,2.6,0.9,-0.015023811304759715,0.01685924966243646,Q2
2016-11-25,0.0,0.0,1.0,1.0,12.850000381469727,2.6,1.0,-0.015023811304759715,0.01685924966243646,Q1_low
2016-12-02,0.0,0.0,1.0,0.0,12.34000015258789,2.67,0.99,-0.011862778785850958,0.016843334719788938,Q1_low
2016-12-09,0.0,0.0,1.0,0.0,14.119999885559082,2.6,1.23,-0.011862778785850958,0.016843334719788938,Q2
2016-12-16,0.0,0.0,1.0,0.0,11.75,2.52,1.27,-0.011862778785850958,0.016843334719788938,Q1_low
2016-12-23,0.0,0.0,1.0,0.0,12.199999809265137,2.48,1.24,-0.011862778785850958,0.016843334719788938,Q1_low
2016-12-30,0.0,0.0,1.0,0.0,11.4399995803833,2.42,1.29,-0.0002049641716570516,0.020507989115119862,Q1_low
2017-01-06,0.0,0.0,1.0,0.0,14.039999961853027,2.43,1.32,-0.0002049641716570516,0.020507989115119862,Q2
2017-01-13,0.0,0.0,1.0,0.0,11.319999694824219,2.28,1.32,-0.0002049641716570516,0.020507989115119862,Q1_low
2017-01-20,0.0,0.0,1.0,0.0,11.229999542236328,2.25,1.33,-0.0002049641716570516,0.020507989115119862,Q1_low
2017-01-27,0.0,0.0,1.0,0.0,11.539999961853027,2.28,1.25,-0.00541679598476108,0.020976049012842335,Q1_low
2017-02-03,0.0,0.0,1.0,0.0,10.579999923706055,2.24,1.2,-0.008031281419274894,0.025103933482571117,Q1_low
2017-02-10,0.0,0.0,1.0,0.0,10.970000267028809,2.23,1.19,-0.008031281419274894,0.025103933482571117,Q1_low
2017-02-17,0.0,0.0,1.0,0.0,10.850000381469727,2.21,1.28,-0.008031281419274894,0.025103933482571117,Q1_low
2017-02-24,0.0,0.0,1.0,0.0,11.489999771118164,2.19,1.27,-0.008031281419274894,0.025103933482571117,Q1_low
2017-03-03,0.0,0.0,1.0,0.0,11.470000267028809,2.24,1.28,-0.006864591168616152,0.028103616813294208,Q1_low
2017-03-10,0.0,0.0,1.0,0.0,10.960000038146973,2.23,1.21,-0.006864591168616152,0.028103616813294208,Q1_low
2017-03-17,0.0,0.0,1.0,0.0,11.65999984741211,2.21,1.21,-0.006864591168616152,0.028103616813294208,Q1_low
2017-03-24,0.0,0.0,1.0,0.0,11.279999732971191,2.23,1.19,-0.006864591168616152,0.028103616813294208,Q1_low
2017-03-31,0.0,0.0,1.0,0.0,12.960000038146973,2.16,1.17,0.007162067590550603,0.0244119623655914,Q1_low
2017-04-07,0.0,0.0,1.0,0.0,12.369999885559082,2.18,1.22,0.007162067590550603,0.0244119623655914,Q1_low
2017-04-14,0.0,0.0,1.0,0.0,12.869999885559082,2.22,1.17,0.007162067590550603,0.0244119623655914,Q1_low
2017-04-21,0.0,0.0,1.0,0.0,15.960000038146973,2.22,1.14,0.007162067590550603,0.0244119623655914,Q2
2017-04-28,0.0,0.0,1.0,0.0,14.630000114440918,2.24,1.13,0.0037671541867012603,0.020502778335676597,Q2
2017-05-05,0.0,0.0,1.0,0.0,10.819999694824219,2.24,1.09,0.013993011097695573,0.02176223471915395,Q1_low
2017-05-12,0.0,0.0,1.0,0.0,10.569999694824219,2.28,1.03,0.013993011097695573,0.02176223471915395,Q1_low
2017-05-19,0.0,0.0,1.0,0.0,10.399999618530273,2.29,1.04,0.013993011097695573,0.02176223471915395,Q1_low
2017-05-26,0.0,0.0,1.0,0.0,12.039999961853027,2.28,1.01,0.013993011097695573,0.02176223471915395,Q1_low
2017-06-02,0.0,0.0,1.0,0.0,9.8100004196167,2.24,1.04,0.017500792534729248,0.018563431667619756,Q1_low
2017-06-09,0.0,0.0,1.0,0.0,9.75,2.25,1.04,0.017500792534729248,0.018563431667619756,Q1_low
2017-06-16,0.0,0.0,1.0,0.0,10.699999809265137,2.26,0.95,0.017500792534729248,0.018563431667619756,Q1_low
2017-06-23,0.0,0.0,1.0,0.0,10.380000114440918,2.24,0.95,0.017500792534729248,0.018563431667619756,Q1_low
2017-06-30,0.0,0.0,1.0,0.0,10.020000457763672,2.24,0.87,0.014803308546539107,0.01640565809959127,Q1_low
2017-07-07,0.0,0.0,1.0,0.0,11.180000305175781,2.21,0.86,0.014803308546539107,0.01640565809959127,Q1_low
2017-07-14,0.0,0.0,1.0,0.0,11.1899995803833,2.19,0.84,0.014803308546539107,0.01640565809959127,Q1_low
2017-07-21,0.0,0.0,1.0,0.0,9.510000228881836,2.15,0.81,0.014803308546539107,0.01640565809959127,Q1_low
2017-07-28,0.0,0.0,1.0,0.0,9.510000228881836,2.09,0.93,0.01361526153746695,0.016917880392001816,Q1_low
2017-08-04,0.0,0.0,1.0,0.0,10.289999961853027,2.08,0.99,0.011187969195710634,0.017251073506566073,Q1_low
2017-08-11,0.0,0.0,1.0,0.0,10.029999732971191,2.09,0.98,0.011187969195710634,0.017251073506566073,Q1_low
2017-08-18,0.0,0.0,1.0,0.0,15.510000228881836,2.05,0.88,0.011187969195710634,0.017251073506566073,Q2
2017-08-25,0.0,0.0,1.0,0.0,14.260000228881836,2.05,0.96,0.011187969195710634,0.017251073506566073,Q2
2017-09-01,0.0,0.0,1.0,0.0,11.279999732971191,2.05,0.91,0.008523014668689877,0.0192812155729698,Q1_low
2017-09-08,0.0,0.0,1.0,0.0,10.130000114440918,2.12,0.89,0.008523014668689877,0.0192812155729698,Q1_low
2017-09-15,0.0,0.0,1.0,0.0,12.119999885559082,2.12,0.86,0.008523014668689877,0.0192812155729698,Q1_low
2017-09-22,0.0,0.0,1.0,0.0,10.170000076293945,2.12,0.82,0.008523014668689877,0.0192812155729698,Q1_low
2017-09-29,0.0,0.0,1.0,0.0,9.59000015258789,2.15,0.81,0.010630336308315114,0.021805652303711787,Q1_low
2017-10-06,0.0,0.0,1.0,0.0,9.510000228881836,2.17,0.79,0.010630336308315114,0.021805652303711787,Q1_low
2017-10-13,0.0,0.0,1.0,0.0,9.649999618530273,2.1,0.81,0.010630336308315114,0.021805652303711787,Q1_low
2017-10-20,0.0,0.0,1.0,0.0,9.609999656677246,2.05,0.8,0.010630336308315114,0.021805652303711787,Q1_low
2017-10-27,0.0,0.0,1.0,0.0,9.970000267028809,2.0,0.86,0.010630336308315114,0.021805652303711787,Q1_low
2017-11-03,0.0,0.0,1.0,0.0,9.800000190734863,1.98,0.83,0.022919955326540453,0.02020757753132485,Q1_low
2017-11-10,0.0,0.0,1.0,0.0,9.510000228881836,1.97,0.77,0.022919955326540453,0.02020757753132485,Q1_low
2017-11-17,0.0,0.0,1.0,0.0,11.289999961853027,1.94,0.79,0.022919955326540453,0.02020757753132485,Q1_low
2017-11-24,0.0,0.0,1.0,0.0,11.430000305175781,1.93,0.83,0.022919955326540453,0.02020757753132485,Q1_low
2017-12-01,0.0,0.0,1.0,0.0,9.670000076293945,1.91,0.71,0.029662701539719283,0.02172493864295566,Q1_low
2017-12-08,0.0,0.0,1.0,0.0,11.430000305175781,1.93,0.73,0.029662701539719283,0.02172493864295566,Q1_low
2017-12-15,0.0,0.0,1.0,0.0,9.579999923706055,1.93,0.62,0.029662701539719283,0.02172493864295566,Q1_low
2017-12-22,0.0,0.0,1.0,0.0,9.510000228881836,1.9,0.59,0.029662701539719283,0.02172493864295566,Q1_low
2017-12-29,0.0,0.0,1.0,0.0,9.899999618530273,1.87,0.59,0.02467143465957866,0.021299307195522532,Q1_low
2018-01-05,0.0,0.0,1.0,0.0,11.039999961853027,1.87,0.58,0.02467143465957866,0.021299307195522532,Q1_low
2018-01-12,0.0,0.0,1.0,0.0,9.510000228881836,1.8,0.51,0.02467143465957866,0.021299307195522532,Q1_low
2018-01-19,0.0,0.0,1.0,0.0,10.15999984741211,1.79,0.57,0.02467143465957866,0.021299307195522532,Q1_low
2018-01-26,0.0,0.0,1.0,0.0,11.270000457763672,1.77,0.51,0.02467143465957866,0.021299307195522532,Q1_low
2018-02-02,0.0,0.0,1.0,0.0,11.079999923706055,1.76,0.51,0.027352874765469437,0.02151318868063945,Q1_low
2018-02-09,1.0,0.0,1.0,0.0,17.309999465942383,1.68,0.56,0.027352874765469437,0.02151318868063945,Q3
2018-02-16,1.0,0.0,1.0,0.0,29.059999465942383,1.6799,0.58,0.027352874765469437,0.02151318868063945,Q4_high
2018-02-23,1.0,0.0,1.0,0.0,19.459999084472656,1.6799,0.53,0.027352874765469437,0.02151318868063945,Q3
2018-03-02,1.0,0.0,1.0,0.0,16.489999771118164,1.6799,0.69,0.033994953469032696,0.02263468931091861,Q3
2018-03-09,1.0,0.0,1.0,0.0,19.59000015258789,1.6799,0.78,0.033994953469032696,0.02263468931091861,Q3
2018-03-16,0.0,0.0,1.0,0.0,14.640000343322754,1.6799,0.66,0.033994953469032696,0.02263468931091861,Q2
2018-03-23,1.0,0.0,1.0,0.0,15.800000190734863,1.68,0.63,0.033994953469032696,0.02263468931091861,Q2
2018-03-30,1.0,0.0,1.0,0.0,24.8700008392334,1.72,0.61,0.03224806264183644,0.023309497646499366,Q4_high
2018-04-06,1.0,0.0,1.0,0.0,19.969999313354492,1.77,0.63,0.03224806264183644,0.023309497646499366,Q3
2018-04-13,1.0,0.0,1.0,0.0,21.489999771118164,1.79,0.54,0.03224806264183644,0.023309497646499366,Q4_high
2018-04-20,1.0,0.0,1.0,0.0,17.40999984741211,1.87,0.54,0.03224806264183644,0.023309497646499366,Q3
2018-04-27,1.0,0.0,1.0,0.0,16.8799991607666,1.85,0.47,0.03224806264183644,0.023309497646499366,Q3
2018-05-04,0.0,0.0,1.0,0.0,15.40999984741211,1.84,0.5,0.03309758614070435,0.024709963021052994,Q2
2018-05-11,0.0,0.0,1.0,0.0,14.770000457763672,1.79,0.45,0.03309758614070435,0.024709963021052994,Q2
2018-05-18,0.0,0.0,1.0,0.0,12.649999618530273,1.78,0.5,0.03309758614070435,0.024709963021052994,Q1_low
2018-05-25,0.0,0.0,1.0,0.0,13.420000076293945,1.8,0.47,0.03309758614070435,0.024709963021052994,Q2
2018-06-01,0.0,0.0,1.0,0.0,13.220000267028809,1.86,0.44,0.022584201444366236,0.02781921607842497,Q1_low
2018-06-08,0.0,0.0,1.0,0.0,13.460000038146973,1.82,0.43,0.022584201444366236,0.02781921607842497,Q2
2018-06-15,0.0,0.0,1.0,0.0,12.180000305175781,1.83,0.51,0.022584201444366236,0.02781921607842497,Q1_low
2018-06-22,0.0,0.0,1.0,0.0,11.979999542236328,1.85,0.45,0.022584201444366236,0.02781921607842497,Q1_low
2018-06-29,0.0,0.0,1.0,0.0,13.770000457763672,1.9,0.42,0.028410387544831828,0.028075506935940187,Q2
2018-07-06,0.0,0.0,1.0,0.0,16.09000015258789,1.9,0.43,0.028410387544831828,0.028075506935940187,Q2
2018-07-13,0.0,0.0,1.0,0.0,13.369999885559082,1.87,0.38,0.028410387544831828,0.028075506935940187,Q1_low
2018-07-20,0.0,0.0,1.0,0.0,12.180000305175781,1.97,0.34,0.028410387544831828,0.028075506935940187,Q1_low
2018-07-27,0.0,0.0,1.0,0.0,12.859999656677246,1.99,0.33,0.028410387544831828,0.028075506935940187,Q1_low
2018-08-03,0.0,0.0,1.0,0.0,13.029999732971191,1.96,0.29,0.032543243815604805,0.02854124785561929,Q1_low
2018-08-10,0.0,0.0,1.0,0.0,11.640000343322754,1.9,0.24,0.032543243815604805,0.02854124785561929,Q1_low
2018-08-17,0.0,0.0,1.0,0.0,13.15999984741211,1.91,0.29,0.032543243815604805,0.02854124785561929,Q1_low
2018-08-24,0.0,0.0,1.0,0.0,12.640000343322754,1.84,0.29,0.032543243815604805,0.02854124785561929,Q1_low
2018-08-31,0.0,0.0,1.0,0.0,11.989999771118164,1.84,0.32,0.04353587280888749,0.026429238568742575,Q1_low
2018-09-07,0.0,0.0,1.0,0.0,12.859999656677246,1.87,0.26,0.04353587280888749,0.026429238568742575,Q1_low
2018-09-14,0.0,0.0,1.0,0.0,14.880000114440918,1.89,0.26,0.04353587280888749,0.026429238568742575,Q2
2018-09-21,0.0,0.0,1.0,0.0,12.069999694824219,1.9,0.19,0.04353587280888749,0.026429238568742575,Q1_low
2018-09-28,0.0,0.0,1.0,0.0,11.680000305175781,1.92,0.24,0.042459872899953455,0.021214519041532265,Q1_low
2018-10-05,0.0,0.0,1.0,0.0,12.119999885559082,1.93,0.23,0.04313826088176409,0.02332055105808828,Q1_low
2018-10-12,0.0,0.0,1.0,0.0,14.819999694824219,1.88,0.21,0.04313826088176409,0.02332055105808828,Q2
2018-10-19,1.0,0.0,1.0,0.0,21.309999465942383,1.83,0.26,0.04313826088176409,0.02332055105808828,Q4_high
2018-10-26,1.0,0.0,1.0,0.0,19.889999389648438,1.84,0.24,0.04313826088176409,0.02332055105808828,Q3
2018-11-02,1.0,0.0,1.0,0.0,24.15999984741211,1.85,0.35,0.02930867401734427,0.02492032470218053,Q4_high
2018-11-09,1.0,0.0,1.0,0.0,19.510000228881836,1.88,0.3,0.02930867401734427,0.02492032470218053,Q3
2018-11-16,1.0,0.0,1.0,0.0,17.360000610351562,1.92,0.28,0.02930867401734427,0.02492032470218053,Q3
2018-11-23,1.0,0.0,1.0,0.0,18.139999389648438,2.02,0.27,0.02930867401734427,0.02492032470218053,Q3
2018-11-30,1.0,0.0,1.0,0.0,21.520000457763672,2.02,0.31,0.027666629800210174,0.02147328577667773,Q4_high
2018-12-07,1.0,0.0,1.0,0.0,18.06999969482422,1.98,0.25,0.027666629800210174,0.02147328577667773,Q3
2018-12-14,1.0,0.0,1.0,0.0,23.229999542236328,2.13,0.27,0.027666629800210174,0.02147328577667773,Q4_high
2018-12-21,1.0,0.0,1.0,0.0,21.6299991607666,2.18,0.24,0.027666629800210174,0.02147328577667773,Q4_high
2018-12-28,1.0,0.0,0.0,0.0,30.110000610351562,2.27,0.21,0.025661217136256687,0.019325679465708845,Q4_high
2019-01-04,1.0,0.0,0.0,0.0,28.34000015258789,2.31,0.13,0.025912536810940523,0.020023809043401064,Q4_high
2019-01-11,1.0,0.0,0.0,0.0,21.3799991607666,2.25,0.16,0.025912536810940523,0.020023809043401064,Q4_high
2019-01-18,1.0,0.0,0.0,0.0,18.190000534057617,2.31,0.16,0.025912536810940523,0.020023809043401064,Q3
2019-01-25,1.0,0.0,0.0,0.0,17.799999237060547,2.44,0.2,0.025912536810940523,0.020023809043401064,Q3
2019-02-01,1.0,0.0,0.0,0.0,17.420000076293945,2.45,0.17,0.01911642232351851,0.014875893578291333,Q3
2019-02-08,1.0,0.0,0.0,0.0,16.139999389648438,2.42,0.16,0.01911642232351851,0.014875893578291333,Q2
2019-02-15,0.0,0.0,0.0,0.0,15.720000267028809,2.38,0.17,0.01911642232351851,0.014875893578291333,Q2
2019-02-22,0.0,0.0,0.0,0.0,14.90999984741211,2.34,0.16,0.01911642232351851,0.014875893578291333,Q2
2019-03-01,0.0,0.0,0.0,1.0,13.510000228881836,2.31,0.18,0.011096417703535089,0.015188615351321877,Q2
2019-03-08,0.0,0.0,0.0,1.0,13.569999694824219,2.3,0.18,0.011096417703535089,0.015188615351321877,Q2
2019-03-15,1.0,0.0,0.0,1.0,16.049999237060547,2.28,0.14,0.011096417703535089,0.015188615351321877,Q2
2019-03-22,0.0,0.0,0.0,1.0,12.880000114440918,2.25,0.17,0.011096417703535089,0.015188615351321877,Q1_low
2019-03-29,1.0,0.0,0.0,1.0,16.479999542236328,2.22,0.21,0.006545559146318158,0.018831863513063984,Q3
2019-04-05,0.0,0.0,0.0,1.0,13.710000038146973,2.27,0.17,0.006545559146318158,0.018831863513063984,Q2
2019-04-12,0.0,0.0,0.0,1.0,12.819999694824219,2.28,0.16,0.006545559146318158,0.018831863513063984,Q1_low
2019-04-19,0.0,0.0,0.0,1.0,12.010000228881836,2.3,0.13,0.006545559146318158,0.018831863513063984,Q1_low
2019-04-26,0.0,0.0,0.0,1.0,12.09000015258789,2.26,0.14,0.006545559146318158,0.018831863513063984,Q1_low
2019-05-03,0.0,0.0,0.0,1.0,12.729999542236328,2.22,0.15,-0.010247462328067725,0.020005834702090608,Q1_low
2019-05-10,0.0,0.0,0.0,1.0,12.869999885559082,2.15,0.16,-0.010247462328067725,0.020005834702090608,Q1_low
2019-05-17,1.0,0.0,0.0,1.0,16.040000915527344,2.12,0.19,-0.010247462328067725,0.020005834702090608,Q2
2019-05-24,0.0,0.0,0.0,1.0,15.960000038146973,2.13,0.23,-0.010247462328067725,0.020005834702090608,Q2
2019-05-31,0.0,0.0,0.0,1.0,15.850000381469727,2.11,0.21,-0.00010156011968476264,0.017959105553606136,Q2
2019-06-07,1.0,0.0,0.0,1.0,18.709999084472656,2.2,0.21,-0.00010156011968476264,0.017959105553606136,Q3
2019-06-14,1.0,0.0,0.0,1.0,16.299999237060547,2.24,0.19,-0.00010156011968476264,0.017959105553606136,Q3
2019-06-21,0.0,0.0,0.0,1.0,15.279999732971191,2.31,0.16,-0.00010156011968476264,0.017959105553606136,Q2
2019-06-28,0.0,0.0,0.0,1.0,15.399999618530273,2.37,0.19,-0.007810228880404613,0.017042602522528316,Q2
2019-07-05,0.0,0.0,0.0,1.0,15.079999923706055,2.42,0.24,-0.0073693288629623765,0.01671194894390049,Q2
2019-07-12,0.0,0.0,0.0,1.0,13.279999732971191,2.42,0.25,-0.0073693288629623765,0.01671194894390049,Q1_low
2019-07-19,0.0,0.0,0.0,1.0,12.390000343322754,2.35,0.3,-0.0073693288629623765,0.01671194894390049,Q1_low
2019-07-26,0.0,0.0,0.0,1.0,14.449999809265137,2.31,0.25,-0.0073693288629623765,0.01671194894390049,Q2
2019-08-02,0.0,0.0,0.0,1.0,12.15999984741211,2.26,0.17,-0.013774541767684445,0.01826331335037068,Q1_low
2019-08-09,1.0,0.0,0.0,1.0,17.610000610351562,2.25,0.28,-0.013774541767684445,0.01826331335037068,Q3
2019-08-16,1.0,0.0,0.0,1.0,17.969999313354492,2.26,0.25,-0.013774541767684445,0.01826331335037068,Q3
2019-08-23,1.0,0.0,0.0,1.0,18.469999313354492,2.13,0.22,-0.013774541767684445,0.01826331335037068,Q3
2019-08-30,1.0,0.0,0.0,1.0,19.8700008392334,2.18,0.14,-0.013396749291328724,0.017376412106666406,Q3
2019-09-06,1.0,0.0,0.0,1.0,18.979999542236328,2.23,0.11,-0.013396749291328724,0.017376412106666406,Q3
2019-09-13,0.0,0.0,0.0,1.0,15.0,2.26,0.07,-0.013396749291328724,0.017376412106666406,Q2
2019-09-20,0.0,0.0,0.0,1.0,13.739999771118164,2.27,0.06990000000000003,-0.013396749291328724,0.017376412106666406,Q2
2019-09-27,0.0,0.0,0.0,1.0,15.319999694824219,2.26,0.06990000000000003,-0.013396749291328724,0.017376412106666406,Q2
2019-10-04,1.0,0.0,0.0,1.0,17.219999313354492,2.26,0.06990000000000003,-0.01737457300836487,0.016844977040391562,Q3
2019-10-11,1.0,0.0,0.0,1.0,17.040000915527344,2.21,0.11,-0.01737457300836487,0.016844977040391562,Q3
2019-10-18,0.0,0.0,0.0,1.0,15.579999923706055,2.19,0.06990000000000003,-0.01737457300836487,0.016844977040391562,Q2
2019-10-25,0.0,0.0,0.0,1.0,14.25,2.19,0.06990000000000003,-0.01737457300836487,0.016844977040391562,Q2
2019-11-01,0.0,0.0,0.0,1.0,12.649999618530273,2.29,0.12,-0.024594751580988228,0.017339736996186295,Q1_low
2019-11-08,0.0,0.0,0.0,1.0,12.300000190734863,2.22,0.13,-0.024594751580988228,0.017339736996186295,Q1_low
2019-11-15,0.0,0.0,0.0,1.0,12.069999694824219,2.21,0.18,-0.024594751580988228,0.017339736996186295,Q1_low
2019-11-22,0.0,0.0,0.0,1.0,12.050000190734863,2.16,0.17,-0.024594751580988228,0.017339736996186295,Q1_low
2019-11-29,0.0,0.0,0.0,1.0,12.34000015258789,2.16,0.17,-0.02047601522464615,0.020922903948629168,Q1_low
2019-12-06,0.0,0.0,0.0,1.0,12.619999885559082,2.11,0.26,-0.02047601522464615,0.020922903948629168,Q1_low
2019-12-13,0.0,0.0,0.0,1.0,13.619999885559082,2.13,0.23,-0.02047601522464615,0.020922903948629168,Q2
2019-12-20,0.0,0.0,0.0,1.0,12.630000114440918,2.14,0.16,-0.02047601522464615,0.020922903948629168,Q1_low
2019-12-27,0.0,0.0,0.0,1.0,12.510000228881836,2.08,0.17,-0.02047601522464615,0.020922903948629168,Q1_low
2020-01-03,0.0,0.0,1.0,1.0,13.430000305175781,2.07,0.23,-0.022991807373363926,0.023195274699624457,Q2
2020-01-10,0.0,0.0,1.0,1.0,14.020000457763672,2.02,0.21,-0.022991807373363926,0.023195274699624457,Q2
2020-01-17,0.0,0.0,1.0,1.0,12.5600004196167,1.96,0.29,-0.022991807373363926,0.023195274699624457,Q1_low
2020-01-24,0.0,0.0,1.0,1.0,12.100000381469727,1.96,0.29,-0.022991807373363926,0.023195274699624457,Q1_low
2020-01-31,0.0,0.0,1.0,1.0,14.5600004196167,1.99,0.27,-0.02290379015513233,0.02599767976845202,Q2
2020-02-07,1.0,0.0,1.0,1.0,18.84000015258789,1.99,0.27,-0.02290379015513233,0.02599767976845202,Q3
2020-02-14,0.0,0.0,1.0,1.0,15.470000267028809,1.98,0.26,-0.02290379015513233,0.02599767976845202,Q2
2020-02-21,0.0,0.0,1.0,1.0,13.680000305175781,1.98,0.21,-0.02290379015513233,0.02599767976845202,Q2
2020-02-28,1.0,0.0,1.0,1.0,17.079999923706055,2.13,0.18,-0.017535500320409736,0.0229276130096836,Q3
2020-03-06,1.0,0.0,1.0,1.0,40.11000061035156,2.05,0.18,-0.014232217750208775,0.023413166797595197,Q4_high
2020-03-13,1.0,0.0,1.0,1.0,41.939998626708984,2.04,0.17,-0.014232217750208775,0.023413166797595197,Q4_high
2020-03-20,1.0,0.0,1.0,1.0,42.96089908599851,2.09,0.12,-0.014232217750208775,0.023413166797595197,Q4_high
2020-03-27,1.0,0.0,0.0,1.0,42.96089908599851,2.38,0.27,-0.014602087762221716,0.019557411798943658,Q4_high
2020-04-03,1.0,0.0,0.0,1.0,42.96089908599851,2.55,0.25,-0.053150549643890654,0.014940399642909163,Q4_high
2020-04-10,1.0,0.0,0.0,1.0,42.96089908599851,3.3,0.45,-0.053150549643890654,0.014940399642909163,Q4_high
2020-04-17,1.0,0.0,0.0,1.0,41.66999816894531,3.5603999999999907,0.55,-0.053150549643890654,0.014940399642909163,Q4_high
2020-04-24,1.0,0.0,0.0,1.0,38.150001525878906,3.5603999999999907,0.47,-0.053150549643890654,0.014940399642909163,Q4_high
2020-05-01,1.0,0.0,0.0,1.0,35.93000030517578,3.5603999999999907,0.39,-0.1604773810453941,0.003130472940411133,Q4_high
2020-05-08,1.0,0.0,0.0,1.0,37.189998626708984,3.5603999999999907,0.5,-0.1604773810453941,0.003130472940411133,Q4_high
2020-05-15,1.0,0.0,0.0,1.0,27.979999542236328,3.27,0.45,-0.1604773810453941,0.003130472940411133,Q4_high
2020-05-22,1.0,0.0,0.0,1.0,31.889999389648438,3.25,0.38,-0.1604773810453941,0.003130472940411133,Q4_high
2020-05-29,1.0,0.0,0.0,1.0,28.15999984741211,3.25,0.44,-0.1604773810453941,0.001982013035848551,Q4_high
2020-06-05,1.0,0.0,0.0,1.0,27.510000228881836,3.37,0.53,-0.1604773810453941,0.001982013035848551,Q4_high
2020-06-12,1.0,0.0,0.0,1.0,24.520000457763672,3.41,0.48,-0.1604773810453941,0.001982013035848551,Q4_high
2020-06-19,1.0,0.0,0.0,1.0,36.09000015258789,3.18,0.49,-0.1604773810453941,0.001982013035848551,Q4_high
2020-06-26,1.0,0.0,0.0,1.0,35.119998931884766,3.08,0.49,-0.1604773810453941,0.001982013035848551,Q4_high
2020-07-03,1.0,0.0,0.0,1.0,34.72999954223633,2.86,0.69,-0.10586064673581452,0.007166562831830481,Q4_high
2020-07-10,1.0,0.0,0.0,1.0,27.68000030517578,2.91,0.52,-0.10586064673581452,0.007166562831830481,Q4_high
2020-07-17,1.0,0.0,0.0,1.0,27.290000915527344,2.87,0.51,-0.10586064673581452,0.007166562831830481,Q4_high
2020-07-24,1.0,0.0,0.0,1.0,25.68000030517578,2.92,0.47,-0.10586064673581452,0.007166562831830481,Q4_high
2020-07-31,1.0,0.0,0.0,1.0,25.84000015258789,2.87,0.52,-0.06783544959427434,0.009968647625897997,Q4_high
2020-08-07,1.0,0.0,0.0,1.0,24.459999084472656,2.74,0.49,-0.06783544959427434,0.009968647625897997,Q4_high
2020-08-14,1.0,0.0,0.0,1.0,22.209999084472656,2.68,0.5,-0.06783544959427434,0.009968647625897997,Q4_high
2020-08-21,1.0,0.0,0.0,1.0,22.049999237060547,2.58,0.45,-0.06783544959427434,0.009968647625897997,Q4_high
2020-08-28,1.0,0.0,0.0,1.0,22.540000915527344,2.6,0.44,-0.07417648262356413,0.009045602962083343,Q4_high
2020-09-04,1.0,0.0,0.0,1.0,22.959999084472656,2.57,0.44,-0.06512241935326724,0.012810698495523853,Q4_high
2020-09-11,1.0,0.0,0.0,1.0,30.75,2.61,0.57,-0.06512241935326724,0.012810698495523853,Q4_high
2020-09-18,1.0,0.0,0.0,1.0,26.8700008392334,2.64,0.48,-0.06512241935326724,0.012810698495523853,Q4_high
2020-09-25,1.0,0.0,0.0,1.0,25.829999923706055,2.71,0.6,-0.06512241935326724,0.012810698495523853,Q4_high
2020-10-02,1.0,0.0,0.0,1.0,26.3799991607666,2.68,0.58,-0.061831018547937044,0.013910228912373812,Q4_high
2020-10-09,1.0,0.0,0.0,1.0,27.6299991607666,2.69,0.54,-0.061831018547937044,0.013910228912373812,Q4_high
2020-10-16,1.0,0.0,0.0,1.0,25.0,2.66,0.56,-0.061831018547937044,0.013910228912373812,Q4_high
2020-10-23,1.0,0.0,0.0,1.0,27.40999984741211,2.74,0.54,-0.061831018547937044,0.013910228912373812,Q4_high
2020-10-30,1.0,0.0,0.0,1.0,27.549999237060547,2.76,0.57,-0.04622683457542831,0.012303863428671624,Q4_high
2020-11-06,1.0,0.0,0.0,1.0,38.02000045776367,2.67,0.63,-0.04622683457542831,0.012303863428671624,Q4_high
2020-11-13,1.0,0.0,0.0,1.0,24.860000610351562,2.64,0.62,-0.04622683457542831,0.012303863428671624,Q4_high
2020-11-20,0.0,0.0,0.0,1.0,23.100000381469727,2.6,0.67,-0.04622683457542831,0.012303863428671624,Q4_high
2020-11-27,1.0,0.0,0.0,1.0,23.700000762939453,2.61,0.74,-0.05099021750646482,0.009461801852806984,Q4_high
2020-12-04,0.0,0.0,0.0,1.0,20.84000015258789,2.51,0.67,-0.04763324870606622,0.011757452138405844,Q4_high
2020-12-11,0.0,0.0,0.0,1.0,20.790000915527344,2.44,0.72,-0.04763324870606622,0.011757452138405844,Q4_high
2020-12-18,0.0,0.0,0.0,1.0,23.309999465942383,2.35,0.67,-0.04763324870606622,0.011757452138405844,Q4_high
2020-12-25,0.0,0.0,0.0,1.0,21.56999969482422,2.32,0.68,-0.04763324870606622,0.011757452138405844,Q4_high
2021-01-01,0.0,0.0,0.0,1.0,21.530000686645508,2.23,0.81,-0.0328150457766595,0.013204191315779434,Q4_high
2021-01-08,0.0,0.0,0.0,1.0,22.75,2.23,0.79,-0.0328150457766595,0.013204191315779434,Q4_high
2021-01-15,0.0,0.0,0.0,1.0,21.559999465942383,2.24,0.82,-0.0328150457766595,0.013204191315779434,Q4_high
2021-01-22,1.0,0.0,0.0,1.0,24.34000015258789,2.23,0.81,-0.0328150457766595,0.013204191315779434,Q4_high
2021-01-29,0.0,0.0,0.0,1.0,21.90999984741211,2.18,0.8,-0.021295843569181794,0.013738437137002402,Q4_high
2021-02-05,1.0,0.0,0.0,1.0,33.09000015258789,2.19,0.99,-0.021295843569181794,0.013738437137002402,Q4_high
2021-02-12,0.0,0.0,0.0,1.0,20.8700008392334,2.13,0.98,-0.021295843569181794,0.013738437137002402,Q4_high
2021-02-19,0.0,0.0,0.0,1.0,19.969999313354492,2.14,0.97,-0.021295843569181794,0.013738437137002402,Q3
2021-02-26,0.0,0.0,0.0,1.0,22.049999237060547,2.17,1.0,-0.021295843569181794,0.013738437137002402,Q4_high
2021-03-05,1.0,0.0,0.0,1.0,27.950000762939453,2.18,1.1,-0.056805772711803426,0.016698167791706853,Q4_high
2021-03-12,1.0,0.0,0.0,1.0,24.65999984741211,2.19,1.09,-0.056805772711803426,0.016698167791706853,Q4_high
2021-03-19,0.0,0.0,0.0,1.0,20.690000534057617,2.14,1.23,-0.056805772711803426,0.016698167791706853,Q3
2021-03-26,0.0,0.0,0.0,1.0,20.950000762939453,2.12,1.3,-0.056805772711803426,0.016698167791706853,Q4_high
2021-04-02,0.0,0.0,1.0,0.0,18.860000610351562,2.13,1.42,0.010038210492383515,0.026678187820641908,Q3
2021-04-09,0.0,0.0,1.0,0.0,17.329999923706055,2.19,1.5,0.010038210492383515,0.026678187820641908,Q3
2021-04-16,0.0,0.0,1.0,0.0,16.690000534057617,2.1,1.58,0.010038210492383515,0.026678187820641908,Q3
2021-04-23,0.0,0.0,1.0,0.0,16.25,2.09,1.53,0.010038210492383515,0.026678187820641908,Q3
2021-04-30,0.0,0.0,1.0,0.0,17.329999923706055,1.98,1.53,0.04353587280888749,0.0375499603070808,Q3
2021-05-07,0.0,0.0,1.0,0.0,18.610000610351562,1.96,1.51,0.04353587280888749,0.0375499603070808,Q3
2021-05-14,0.0,0.0,1.0,0.0,16.690000534057617,1.97,1.43,0.04353587280888749,0.0375499603070808,Q3
2021-05-21,0.0,0.0,1.0,0.0,18.809999465942383,1.99,1.42,0.04353587280888749,0.0375499603070808,Q3
2021-05-28,0.0,0.0,1.0,0.0,20.149999618530273,1.96,1.49,0.04353587280888749,0.0375499603070808,Q3
2021-06-04,0.0,0.0,1.0,0.0,16.760000228881836,1.97,1.46,0.04353587280888749,0.0375499603070808,Q3
2021-06-11,0.0,0.0,1.0,0.0,16.420000076293945,2.03,1.47,0.04353587280888749,0.0375499603070808,Q3
2021-06-18,0.0,0.0,1.0,0.0,15.649999618530273,2.01,1.46,0.04353587280888749,0.0375499603070808,Q2
2021-06-25,0.0,0.0,1.0,0.0,20.700000762939453,1.99,1.44,0.04353587280888749,0.0375499603070808,Q3
2021-07-02,0.0,0.0,1.0,0.0,15.619999885559082,1.98,1.42,0.04353587280888749,0.0375499603070808,Q2
2021-07-09,0.0,0.0,1.0,0.0,15.069999694824219,1.97,1.31,0.04353587280888749,0.0375499603070808,Q2
2021-07-16,0.0,0.0,1.0,0.0,16.18000030517578,1.85,1.19,0.04353587280888749,0.0375499603070808,Q2
2021-07-23,0.0,0.0,1.0,0.0,18.450000762939453,1.9,1.26,0.04353587280888749,0.0375499603070808,Q3
2021-07-30,0.0,0.0,1.0,0.0,17.200000762939453,1.87,1.2,0.04353587280888749,0.0375499603070808,Q3
2021-08-06,0.0,0.0,1.0,0.0,18.239999771118164,1.91,1.14,0.04353587280888749,0.0375499603070808,Q3
2021-08-13,0.0,0.0,1.0,0.0,16.149999618530273,1.93,1.06,0.04353587280888749,0.0375499603070808,Q2
2021-08-20,0.0,0.0,1.0,0.0,15.449999809265137,1.93,1.08,0.04353587280888749,0.0375499603070808,Q2
2021-08-27,0.0,0.0,1.0,0.0,18.559999465942383,1.95,1.05,0.04353587280888749,0.0375499603070808,Q3
2021-09-03,0.0,0.0,1.0,0.0,16.389999389648438,1.94,1.1,0.04261168528131454,0.0375499603070808,Q3
2021-09-10,0.0,0.0,1.0,0.0,16.40999984741211,1.98,1.06,0.04261168528131454,0.0375499603070808,Q3
2021-09-17,0.0,0.0,1.0,0.0,20.950000762939453,1.96,1.03,0.04261168528131454,0.0375499603070808,Q4_high
2021-09-24,0.0,0.0,1.0,0.0,20.809999465942383,1.92,1.09,0.04261168528131454,0.0375499603070808,Q4_high
2021-10-01,0.0,0.0,1.0,0.0,17.75,1.91,1.12,0.030124970172007215,0.0375499603070808,Q3
2021-10-08,0.0,0.0,1.0,0.0,21.100000381469727,1.88,1.12,0.030124970172007215,0.0375499603070808,Q4_high
2021-10-15,0.0,0.0,1.0,0.0,18.770000457763672,1.83,1.14,0.030124970172007215,0.0375499603070808,Q3
2021-10-22,0.0,0.0,1.0,0.0,16.299999237060547,1.8,1.18,0.030124970172007215,0.0375499603070808,Q3
2021-10-29,0.0,0.0,1.0,0.0,15.430000305175781,1.85,1.21,0.03562870970876397,0.0375499603070808,Q2
2021-11-05,0.0,0.0,1.0,0.0,16.260000228881836,1.84,1.29,0.03562870970876397,0.0375499603070808,Q3
2021-11-12,0.0,0.0,1.0,0.0,16.479999542236328,1.76,1.18,0.03562870970876397,0.0375499603070808,Q3
2021-11-19,0.0,0.0,1.0,0.0,16.290000915527344,1.72,1.18,0.03562870970876397,0.0375499603070808,Q3
2021-11-26,0.0,0.0,1.0,0.0,17.90999984741211,1.69,1.07,0.03562870970876397,0.0375499603070808,Q3
2021-12-03,1.0,0.0,1.0,0.0,28.6200008392334,1.73,1.06,0.03897545981936834,0.0375499603070808,Q4_high
2021-12-10,1.0,0.0,1.0,0.0,30.670000076293945,1.69,1.05,0.03897545981936834,0.0375499603070808,Q4_high
2021-12-17,0.0,0.0,1.0,0.0,18.690000534057617,1.73,1.02,0.03897545981936834,0.0375499603070808,Q3
2021-12-24,0.0,0.0,1.0,0.0,21.56999969482422,1.82,0.98,0.03897545981936834,0.0375499603070808,Q4_high
2021-12-31,0.0,0.0,1.0,0.0,17.959999084472656,1.81,0.75,0.022463731281071153,0.0375499603070808,Q3
2022-01-07,0.0,0.0,1.0,0.0,17.219999313354492,1.83,0.81,0.022463731281071153,0.0375499603070808,Q3
2022-01-14,0.0,0.0,1.0,0.0,18.760000228881836,1.87,0.75,0.022463731281071153,0.0375499603070808,Q3
2022-01-21,0.0,0.0,1.0,0.0,19.190000534057617,1.86,0.79,0.022463731281071153,0.0375499603070808,Q3
2022-01-28,1.0,0.0,1.0,0.0,28.850000381469727,1.85,0.79,0.01709508890376621,0.0375499603070808,Q4_high
2022-02-04,1.0,0.0,1.0,0.0,27.65999984741211,1.78,0.89,0.013181341030033655,0.0375499603070808,Q4_high
2022-02-11,0.0,0.0,1.0,0.0,23.219999313354492,1.79,0.79,0.013181341030033655,0.0375499603070808,Q4_high
2022-02-18,1.0,0.0,1.0,0.0,27.360000610351562,1.84,0.74,0.013181341030033655,0.0375499603070808,Q4_high
2022-02-25,1.0,0.0,1.0,0.0,27.75,1.91,0.63,0.013181341030033655,0.0375499603070808,Q4_high
2022-03-04,1.0,0.0,1.0,0.0,27.59000015258789,1.92,0.62,0.04353587280888749,0.0375499603070808,Q4_high
2022-03-11,1.0,0.0,1.0,0.0,31.979999542236328,2.0,0.42,0.04353587280888749,0.0375499603070808,Q4_high
2022-03-18,1.0,0.0,1.0,0.0,30.75,2.13,0.45,0.04353587280888749,0.0375499603070808,Q4_high
2022-03-25,0.0,0.0,1.0,0.0,23.8700008392334,2.2,0.42,0.04353587280888749,0.0375499603070808,Q4_high
2022-04-01,0.0,0.0,1.0,0.0,20.809999465942383,2.31,0.24,0.030544104015221674,0.0375499603070808,Q4_high
2022-04-08,0.0,0.0,1.0,0.0,19.6299991607666,2.35,0.25,0.030544104015221674,0.0375499603070808,Q3
2022-04-15,0.0,0.0,1.0,0.0,21.15999984741211,2.14,0.17,0.030544104015221674,0.0375499603070808,Q4_high
2022-04-22,0.0,0.0,1.0,0.0,22.700000762939453,1.96,0.18,0.030544104015221674,0.0375499603070808,Q4_high
2022-04-29,1.0,0.0,1.0,0.0,28.209999084472656,1.81,0.06990000000000003,0.029234354755085068,0.0375499603070808,Q4_high
2022-05-06,1.0,0.0,1.0,0.0,33.400001525878906,1.78,0.19,0.029234354755085068,0.0375499603070808,Q4_high
2022-05-13,1.0,0.0,1.0,0.0,30.190000534057617,1.93,0.36,0.029234354755085068,0.0375499603070808,Q4_high
2022-05-20,1.0,0.0,1.0,0.0,28.8700008392334,1.96,0.18,0.029234354755085068,0.0375499603070808,Q4_high
2022-05-27,1.0,0.0,1.0,0.0,29.43000030517578,2.05,0.19,0.029234354755085068,0.0375499603070808,Q4_high
2022-06-03,0.0,0.0,1.0,0.0,25.719999313354492,2.09,0.4,0.019110298059100916,0.0375499603070808,Q4_high
2022-06-10,0.0,0.0,1.0,0.0,24.790000915527344,2.24,0.32,0.019110298059100916,0.0375499603070808,Q4_high
2022-06-17,1.0,0.0,1.0,0.0,27.75,2.36,0.18,0.019110298059100916,0.0375499603070808,Q4_high
2022-06-24,1.0,0.0,1.0,0.0,31.1299991607666,2.26,0.27,0.019110298059100916,0.0375499603070808,Q4_high
2022-07-01,0.0,0.0,1.0,0.0,27.229999542236328,2.09,0.3,0.012217594016755706,0.0375499603070808,Q4_high
2022-07-08,0.0,0.0,1.0,0.0,26.700000762939453,2.04,0.09,0.012217594016755706,0.0375499603070808,Q4_high
2022-07-15,0.0,0.0,1.0,0.0,24.639999389648438,2.13,0.08,0.012217594016755706,0.0375499603070808,Q4_high
2022-07-22,0.0,0.0,1.0,0.0,24.229999542236328,2.22,0.09,0.012217594016755706,0.0375499603070808,Q4_high
2022-07-29,0.0,0.0,1.0,0.0,23.030000686645508,2.42,0.06990000000000003,0.00968659945597028,0.0375499603070808,Q4_high
2022-08-05,0.0,0.0,1.0,0.0,21.329999923706055,2.31,0.06990000000000003,0.00968659945597028,0.0375499603070808,Q4_high
2022-08-12,0.0,0.0,1.0,0.0,21.149999618530273,2.3,0.06990000000000003,0.00968659945597028,0.0375499603070808,Q4_high
2022-08-19,0.0,0.0,1.0,0.0,19.530000686645508,2.28,0.06990000000000003,0.00968659945597028,0.0375499603070808,Q3
2022-08-26,0.0,0.0,1.0,0.0,20.600000381469727,2.36,0.06990000000000003,0.00968659945597028,0.0375499603070808,Q3
2022-09-02,0.0,0.0,1.0,0.0,25.559999465942383,2.29,0.06990000000000003,0.010521402147261716,0.0375499603070808,Q4_high
2022-09-09,0.0,0.0,1.0,0.0,25.469999313354492,2.27,0.06990000000000003,0.010521402147261716,0.0375499603070808,Q4_high
2022-09-16,0.0,0.0,1.0,0.0,22.790000915527344,2.25,0.06990000000000003,0.010521402147261716,0.0375499603070808,Q4_high
2022-09-23,0.0,0.0,1.0,0.0,26.299999237060547,2.19,0.06990000000000003,0.010521402147261716,0.0375499603070808,Q4_high
2022-09-30,1.0,0.0,1.0,0.0,29.920000076293945,2.24,0.06990000000000003,0.024620187157526008,0.0375499603070808,Q4_high
2022-10-07,1.0,0.0,1.0,0.0,31.6200008392334,2.2,0.06990000000000003,0.024620187157526008,0.0375499603070808,Q4_high
2022-10-14,1.0,0.0,1.0,0.0,31.360000610351562,2.18,0.06990000000000003,0.024620187157526008,0.0375499603070808,Q4_high
2022-10-21,1.0,0.0,1.0,0.0,32.02000045776367,2.09,0.06990000000000003,0.024620187157526008,0.0375499603070808,Q4_high
2022-10-28,1.0,0.0,1.0,0.0,29.690000534057617,2.24,0.06990000000000003,0.011036461145807586,0.0375499603070808,Q4_high
2022-11-04,0.0,0.0,1.0,0.0,25.75,2.17,0.06990000000000003,0.010648183730078253,0.0375499603070808,Q4_high
2022-11-11,0.0,0.0,1.0,0.0,24.549999237060547,2.28,0.06990000000000003,0.010648183730078253,0.0375499603070808,Q4_high
2022-11-18,0.0,0.0,1.0,0.0,22.520000457763672,2.36,0.06990000000000003,0.010648183730078253,0.0375499603070808,Q4_high
2022-11-25,0.0,0.0,1.0,0.0,23.1200008392334,2.3,0.06990000000000003,0.010648183730078253,0.0375499603070808,Q4_high
2022-12-02,0.0,0.0,1.0,1.0,20.5,2.22,0.06990000000000003,0.0008902953837490735,0.0375499603070808,Q3
2022-12-09,0.0,0.0,1.0,1.0,19.059999465942383,2.36,0.06990000000000003,0.0008902953837490735,0.0375499603070808,Q3
2022-12-16,0.0,0.0,1.0,1.0,22.829999923706055,2.13,0.06990000000000003,0.0008902953837490735,0.0375499603070808,Q4_high
2022-12-23,0.0,0.0,1.0,1.0,22.6200008392334,2.06,0.06990000000000003,0.0008902953837490735,0.0375499603070808,Q4_high
2022-12-30,0.0,0.0,1.0,1.0,20.8700008392334,2.03,0.06990000000000003,-0.008016099812473643,0.0375499603070808,Q4_high
2023-01-06,0.0,0.0,1.0,1.0,21.670000076293945,1.9,0.06990000000000003,-0.008016099812473643,0.0375499603070808,Q4_high
2023-01-13,0.0,0.0,1.0,1.0,21.1299991607666,1.98,0.06990000000000003,-0.008016099812473643,0.0375499603070808,Q4_high
2023-01-20,0.0,0.0,1.0,1.0,18.350000381469727,2.0,0.06990000000000003,-0.008016099812473643,0.0375499603070808,Q3
2023-01-27,0.0,0.0,1.0,1.0,19.850000381469727,1.99,0.06990000000000003,-0.008016099812473643,0.0375499603070808,Q3
2023-02-03,0.0,0.0,1.0,1.0,18.510000228881836,2.07,0.06990000000000003,0.003188082918103907,0.0375499603070808,Q3
2023-02-10,0.0,0.0,1.0,1.0,18.329999923706055,1.95,0.06990000000000003,0.003188082918103907,0.0375499603070808,Q3
2023-02-17,0.0,0.0,1.0,1.0,20.530000686645508,1.98,0.06990000000000003,0.003188082918103907,0.0375499603070808,Q3
2023-02-24,0.0,0.0,1.0,1.0,20.020000457763672,1.88,0.06990000000000003,0.003188082918103907,0.0375499603070808,Q3
2023-03-03,0.0,0.0,1.0,1.0,21.670000076293945,1.83,0.06990000000000003,-0.001634816837026265,0.0375499603070808,Q4_high
2023-03-10,0.0,0.0,1.0,1.0,18.489999771118164,1.85,0.06990000000000003,-0.001634816837026265,0.0375499603070808,Q3
2023-03-17,0.0,0.0,1.0,1.0,24.799999237060547,1.89,0.06990000000000003,-0.001634816837026265,0.0375499603070808,Q4_high
2023-03-24,0.0,0.0,1.0,1.0,25.510000228881836,1.86,0.06990000000000003,-0.001634816837026265,0.0375499603070808,Q4_high
2023-03-31,0.0,0.0,0.0,1.0,21.739999771118164,1.79,0.06990000000000003,-0.0036512224493961964,0.0375499603070808,Q4_high
2023-04-07,0.0,0.0,0.0,1.0,18.700000762939453,1.96,0.06990000000000003,-0.0036512224493961964,0.0375499603070808,Q3
2023-04-14,0.0,0.0,0.0,1.0,18.399999618530273,2.21,0.06990000000000003,-0.0036512224493961964,0.0375499603070808,Q3
2023-04-21,0.0,0.0,0.0,1.0,17.06999969482422,2.24,0.06990000000000003,-0.0036512224493961964,0.0375499603070808,Q3
2023-04-28,0.0,0.0,0.0,1.0,16.770000457763672,2.11,0.06990000000000003,-0.0041354495268138836,0.0375499603070808,Q3
2023-05-05,0.0,0.0,0.0,1.0,15.779999732971191,2.11,0.06990000000000003,-0.001843454258675048,0.0375499603070808,Q2
2023-05-12,0.0,0.0,0.0,1.0,17.190000534057617,2.05,0.06990000000000003,-0.001843454258675048,0.0375499603070808,Q3
2023-05-19,0.0,0.0,0.0,1.0,17.030000686645508,2.04,0.06990000000000003,-0.001843454258675048,0.0375499603070808,Q3
2023-05-26,0.0,0.0,0.0,1.0,16.809999465942383,2.08,0.06990000000000003,-0.001843454258675048,0.0375499603070808,Q3
2023-06-02,0.0,0.0,0.0,1.0,17.950000762939453,2.2,0.06990000000000003,-0.003995717112307395,0.0375499603070808,Q3
2023-06-09,0.0,0.0,0.0,1.0,14.600000381469727,2.21,0.06990000000000003,-0.003995717112307395,0.0375499603070808,Q2
2023-06-16,0.0,0.0,0.0,1.0,13.829999923706055,2.18,0.06990000000000003,-0.003995717112307395,0.0375499603070808,Q2
2023-06-23,0.0,0.0,0.0,1.0,13.539999961853027,2.1,0.06990000000000003,-0.003995717112307395,0.0375499603070808,Q2
2023-06-30,0.0,0.0,0.0,1.0,13.4399995803833,2.11,0.06990000000000003,-0.008893464531073647,0.03070617072997095,Q2
2023-07-07,0.0,0.0,0.0,1.0,13.59000015258789,2.05,0.06990000000000003,-0.008893464531073647,0.03070617072997095,Q2
2023-07-14,0.0,0.0,0.0,1.0,14.829999923706055,1.96,0.06990000000000003,-0.008893464531073647,0.03070617072997095,Q2
2023-07-21,0.0,0.0,0.0,1.0,13.34000015258789,1.96,0.06990000000000003,-0.008893464531073647,0.03070617072997095,Q1_low
2023-07-28,0.0,0.0,0.0,1.0,13.600000381469727,1.88,0.06990000000000003,-0.010900684627011548,0.03085994852719276,Q2
2023-08-04,0.0,0.0,0.0,1.0,13.329999923706055,1.81,0.06990000000000003,-0.0031247838929887584,0.03287749268428297,Q1_low
2023-08-11,0.0,0.0,0.0,1.0,17.100000381469727,1.87,0.06990000000000003,-0.0031247838929887584,0.03287749268428297,Q3
2023-08-18,0.0,0.0,0.0,1.0,14.84000015258789,1.85,0.06990000000000003,-0.0031247838929887584,0.03287749268428297,Q2
2023-08-25,0.0,0.0,0.0,1.0,17.299999237060547,1.8,0.06990000000000003,-0.0031247838929887584,0.03287749268428297,Q3
2023-09-01,0.0,0.0,0.0,1.0,15.680000305175781,1.9,0.06990000000000003,-0.0025421306219911566,0.03722504803505289,Q2
2023-09-08,0.0,0.0,0.0,1.0,13.09000015258789,1.87,0.06990000000000003,-0.0025421306219911566,0.03722504803505289,Q1_low
2023-09-15,0.0,0.0,0.0,1.0,13.84000015258789,1.89,0.06990000000000003,-0.0025421306219911566,0.03722504803505289,Q2
2023-09-22,0.0,0.0,0.0,1.0,13.789999961853027,1.76,0.06990000000000003,-0.0025421306219911566,0.03722504803505289,Q2
2023-09-29,0.0,0.0,0.0,1.0,17.200000762939453,1.82,0.06990000000000003,-0.002672476942852109,0.03687206638119256,Q3
2023-10-06,0.0,0.0,0.0,1.0,17.520000457763672,1.79,0.06990000000000003,-0.002672476942852109,0.03687206638119256,Q3
2023-10-13,0.0,0.0,0.0,1.0,17.450000762939453,1.78,0.06990000000000003,-0.002672476942852109,0.03687206638119256,Q3
2023-10-20,0.0,0.0,0.0,1.0,19.31999969482422,1.73,0.06990000000000003,-0.002672476942852109,0.03687206638119256,Q3
2023-10-27,0.0,0.0,0.0,1.0,21.709999084472656,1.78,0.06990000000000003,-0.002672476942852109,0.03687206638119256,Q4_high
2023-11-03,0.0,0.0,0.0,1.0,21.270000457763672,1.84,0.06990000000000003,-0.007742988102069082,0.032512659098611785,Q4_high
2023-11-10,0.0,0.0,0.0,1.0,14.90999984741211,1.82,0.06990000000000003,-0.007742988102069082,0.032512659098611785,Q2
2023-11-17,0.0,0.0,0.0,1.0,14.170000076293945,1.88,0.06990000000000003,-0.007742988102069082,0.032512659098611785,Q2
2023-11-24,0.0,0.0,0.0,1.0,13.800000190734863,1.88,0.06990000000000003,-0.007742988102069082,0.032512659098611785,Q2
2023-12-01,0.0,0.0,0.0,1.0,12.460000038146973,1.86,0.06990000000000003,-0.0009043615385835313,0.031333462745911866,Q1_low
2023-12-08,0.0,0.0,0.0,1.0,12.630000114440918,1.8,0.06990000000000003,-0.0009043615385835313,0.031333462745911866,Q1_low
2023-12-15,0.0,0.0,0.0,1.0,12.350000381469727,1.78,0.06990000000000003,-0.0009043615385835313,0.031333462745911866,Q1_low
2023-12-22,0.0,0.0,0.0,1.0,12.279999732971191,1.72,0.06990000000000003,-0.0009043615385835313,0.031333462745911866,Q1_low
2023-12-29,0.0,0.0,0.0,1.0,13.029999732971191,1.71,0.06990000000000003,0.008386591076755323,0.033159099427102934,Q1_low
2024-01-05,0.0,0.0,0.0,1.0,12.449999809265137,1.6799,0.06990000000000003,0.008386591076755323,0.033159099427102934,Q1_low
2024-01-12,0.0,0.0,0.0,1.0,13.350000381469727,1.6799,0.06990000000000003,0.008386591076755323,0.033159099427102934,Q1_low
2024-01-19,0.0,0.0,0.0,1.0,12.699999809265137,1.6799,0.06990000000000003,0.008386591076755323,0.033159099427102934,Q1_low
2024-01-26,0.0,0.0,0.0,1.0,13.300000190734863,1.6799,0.06990000000000003,0.008386591076755323,0.033159099427102934,Q1_low
2024-02-02,0.0,0.0,0.0,1.0,13.260000228881836,1.6799,0.06990000000000003,-0.012762549126908995,0.030883429864855705,Q1_low
2024-02-09,0.0,0.0,0.0,1.0,13.850000381469727,1.6799,0.06990000000000003,-0.012762549126908995,0.030883429864855705,Q2
2024-02-16,0.0,0.0,0.0,1.0,12.930000305175781,1.6799,0.06990000000000003,-0.012762549126908995,0.030883429864855705,Q1_low
2024-02-23,0.0,0.0,0.0,1.0,14.239999771118164,1.6799,0.06990000000000003,-0.012762549126908995,0.030883429864855705,Q2
2024-03-01,0.0,0.0,0.0,1.0,13.75,1.6799,0.06990000000000003,-0.003543266402759926,0.03157074141648697,Q2
2024-03-08,0.0,0.0,0.0,1.0,13.109999656677246,1.6799,0.06990000000000003,-0.003543266402759926,0.03157074141648697,Q1_low
2024-03-15,0.0,0.0,0.0,1.0,14.739999771118164,1.6799,0.06990000000000003,-0.003543266402759926,0.03157074141648697,Q2
2024-03-22,0.0,0.0,0.0,1.0,14.40999984741211,1.6799,0.06990000000000003,-0.003543266402759926,0.03157074141648697,Q2
2024-03-29,0.0,0.0,0.0,1.0,13.0600004196167,1.6799,0.06990000000000003,-0.00557312624665296,0.034868349120836584,Q1_low
2024-04-05,0.0,0.0,0.0,1.0,13.010000228881836,1.6799,0.06990000000000003,-0.00557312624665296,0.034868349120836584,Q1_low
2024-04-12,0.0,0.0,0.0,1.0,16.030000686645508,1.6799,0.06990000000000003,-0.00557312624665296,0.034868349120836584,Q2
2024-04-19,0.0,0.0,0.0,1.0,17.309999465942383,1.6799,0.06990000000000003,-0.00557312624665296,0.034868349120836584,Q3
2024-04-26,0.0,0.0,0.0,1.0,18.709999084472656,1.6799,0.06990000000000003,-0.00557312624665296,0.034868349120836584,Q3
2024-05-03,0.0,0.0,0.0,1.0,15.029999732971191,1.6799,0.06990000000000003,-0.009971062585799939,0.033607951262196734,Q2
2024-05-10,0.0,0.0,0.0,1.0,13.489999771118164,1.6799,0.06990000000000003,-0.009971062585799939,0.033607951262196734,Q2
2024-05-17,0.0,0.0,0.0,1.0,12.550000190734863,1.6799,0.06990000000000003,-0.009971062585799939,0.033607951262196734,Q1_low
2024-05-24,0.0,0.0,0.0,1.0,11.989999771118164,1.6799,0.06990000000000003,-0.009971062585799939,0.033607951262196734,Q1_low
2024-05-31,0.0,0.0,0.0,1.0,11.930000305175781,1.6799,0.06990000000000003,-0.0006499644303002983,0.03244278584003113,Q1_low
2024-06-07,0.0,0.0,0.0,1.0,12.920000076293945,1.6799,0.06990000000000003,-0.0006499644303002983,0.03244278584003113,Q1_low
2024-06-14,0.0,0.0,0.0,1.0,12.220000267028809,1.6799,0.06990000000000003,-0.0006499644303002983,0.03244278584003113,Q1_low
2024-06-21,0.0,0.0,0.0,1.0,12.65999984741211,1.6799,0.06990000000000003,-0.0006499644303002983,0.03244278584003113,Q1_low
2024-06-28,0.0,0.0,0.0,1.0,13.199999809265137,1.6799,0.06990000000000003,0.007425119557009863,0.030133480694968018,Q1_low
2024-07-05,0.0,0.0,0.0,0.0,12.4399995803833,1.6799,0.06990000000000003,0.007734749239909133,0.029702579486470926,Q1_low
2024-07-12,0.0,0.0,0.0,0.0,12.479999542236328,1.6799,0.06990000000000003,0.007734749239909133,0.029702579486470926,Q1_low
2024-07-19,0.0,0.0,0.0,0.0,12.460000038146973,1.6799,0.06990000000000003,0.007734749239909133,0.029702579486470926,Q1_low
2024-07-26,0.0,0.0,0.0,0.0,16.520000457763672,1.6799,0.06990000000000003,0.007734749239909133,0.029702579486470926,Q3
2024-08-02,0.0,0.0,0.0,1.0,16.389999389648438,1.6799,0.06990000000000003,-0.009226344732312097,0.029414757935583014,Q3
2024-08-09,1.0,0.0,0.0,1.0,23.389999389648438,1.6799,0.06990000000000003,-0.009226344732312097,0.029414757935583014,Q4_high
2024-08-16,0.0,0.0,0.0,1.0,20.3700008392334,1.6799,0.06990000000000003,-0.009226344732312097,0.029414757935583014,Q3
2024-08-23,0.0,0.0,0.0,1.0,14.800000190734863,1.6799,0.06990000000000003,-0.009226344732312097,0.029414757935583014,Q2
2024-08-30,0.0,0.0,0.0,1.0,15.859999656677246,1.8,0.06990000000000003,-0.004050008280501727,0.02607144490692037,Q2
2024-09-06,0.0,0.0,0.0,1.0,15.0,1.77,0.06990000000000003,-0.004050008280501727,0.02607144490692037,Q2
2024-09-13,0.0,0.0,0.0,1.0,22.3799991607666,1.69,0.06990000000000003,-0.004050008280501727,0.02607144490692037,Q4_high
2024-09-20,0.0,0.0,0.0,1.0,16.559999465942383,1.7,0.06990000000000003,-0.004050008280501727,0.02607144490692037,Q3
2024-09-27,0.0,0.0,0.0,1.0,16.149999618530273,1.69,0.06990000000000003,-0.00584234382718074,0.022084380166365047,Q2
2024-10-04,0.0,0.0,0.0,1.0,16.959999084472656,1.73,0.06990000000000003,-0.012004422838397089,0.024264830315416708,Q3
2024-10-11,0.0,0.0,0.0,1.0,19.209999084472656,1.72,0.09,-0.012004422838397089,0.024264830315416708,Q3
2024-10-18,0.0,0.0,0.0,1.0,20.459999084472656,1.6799,0.18,-0.012004422838397089,0.024264830315416708,Q3
2024-10-25,0.0,0.0,0.0,1.0,18.030000686645508,1.6799,0.2,-0.012004422838397089,0.024264830315416708,Q3
2024-11-01,0.0,0.0,0.0,1.0,20.329999923706055,1.6799,0.06990000000000003,-0.009947356843759692,0.02578844053871343,Q3
2024-11-08,0.0,0.0,0.0,1.0,21.8799991607666,1.6799,0.13,-0.009947356843759692,0.02578844053871343,Q4_high
2024-11-15,0.0,0.0,0.0,1.0,14.9399995803833,1.6799,0.13,-0.009947356843759692,0.02578844053871343,Q2
2024-11-22,0.0,0.0,0.0,1.0,16.139999389648438,1.6799,0.14,-0.009947356843759692,0.02578844053871343,Q2
2024-11-29,0.0,0.0,0.0,1.0,15.239999771118164,1.6799,0.16,-0.015579409481489392,0.02719472461284833,Q2
2024-12-06,0.0,0.0,0.0,1.0,13.510000228881836,1.6799,0.06990000000000003,-0.015579409481489392,0.02719472461284833,Q2
2024-12-13,0.0,0.0,0.0,1.0,12.770000457763672,1.6799,0.12,-0.015579409481489392,0.02719472461284833,Q1_low
2024-12-20,0.0,0.0,0.0,1.0,13.8100004196167,1.6799,0.06990000000000003,-0.015579409481489392,0.02719472461284833,Q2
2024-12-27,0.0,0.0,0.0,1.0,18.360000610351562,1.6799,0.06990000000000003,-0.013027431560259983,0.025221787841589016,Q3
2025-01-03,0.0,0.0,0.0,1.0,15.949999809265137,1.6799,0.06990000000000003,-0.0027414662172438042,0.028706909675099812,Q2
2025-01-10,0.0,0.0,0.0,1.0,16.1299991607666,1.6799,0.15,-0.0027414662172438042,0.028706909675099812,Q2
2025-01-17,0.0,0.0,0.0,1.0,19.540000915527344,1.6799,0.22,-0.0027414662172438042,0.028706909675099812,Q3
2025-01-24,0.0,0.0,0.0,1.0,15.970000267028809,1.6799,0.31,-0.0027414662172438042,0.028706909675099812,Q2
2025-01-31,0.0,0.0,0.0,0.0,14.850000381469727,1.6799,0.32,0.00849002693950851,0.029909783078999608,Q2
2025-02-07,0.0,0.0,0.0,0.0,16.43000030517578,1.6799,0.37,0.00849002693950851,0.029909783078999608,Q3
2025-02-14,0.0,0.0,0.0,0.0,16.540000915527344,1.6799,0.34,0.00849002693950851,0.029909783078999608,Q3
2025-02-21,0.0,0.0,0.0,0.0,14.770000457763672,1.6799,0.36,0.00849002693950851,0.029909783078999608,Q2
2025-02-28,0.0,0.0,0.0,0.0,18.209999084472656,1.6799,0.36,-0.0021967392930148932,0.02570690780693785,Q3
2025-03-07,0.0,0.0,0.0,0.0,19.6299991607666,1.6799,0.2,0.008119858403550007,0.028015834477613355,Q3
2025-03-14,1.0,0.0,0.0,0.0,23.3700008392334,1.6799,0.21,0.008119858403550007,0.028015834477613355,Q4_high
2025-03-21,1.0,0.0,0.0,0.0,21.770000457763672,1.6799,0.23,0.008119858403550007,0.028015834477613355,Q4_high
2025-03-28,0.0,0.0,0.0,0.0,19.280000686645508,1.6799,0.25,0.006388771370977819,0.023480446301365365,Q3
2025-04-04,0.0,0.0,0.0,0.0,21.649999618530273,1.6799,0.33,0.005802453773984029,0.02381981462805549,Q4_high
2025-04-11,1.0,0.0,0.0,0.0,42.96089908599851,1.6799,0.29,0.005802453773984029,0.02381981462805549,Q4_high
2025-04-18,1.0,0.0,0.0,0.0,37.560001373291016,1.68,0.31,0.005802453773984029,0.02381981462805549,Q4_high
2025-04-25,1.0,0.0,0.0,0.0,29.649999618530273,1.73,0.38,0.005802453773984029,0.02381981462805549,Q4_high
2025-05-02,1.0,0.0,0.0,0.0,24.84000015258789,1.94,0.33,0.008823523543694645,0.0232538823025783,Q4_high
2025-05-09,1.0,0.0,0.0,0.0,22.68000030517578,1.9,0.52,0.008823523543694645,0.0232538823025783,Q4_high
2025-05-16,1.0,0.0,0.0,0.0,21.899999618530273,1.92,0.53,0.008823523543694645,0.0232538823025783,Q4_high
2025-05-23,0.0,0.0,0.0,0.0,17.239999771118164,1.84,0.55,0.008823523543694645,0.0232538823025783,Q3
2025-05-30,1.0,0.0,0.0,0.0,22.290000915527344,1.9,0.5,0.0010162299356553106,0.023772651073680873,Q4_high
2025-06-06,0.0,0.0,0.0,0.0,18.56999969482422,1.89,0.49,0.0010162299356553106,0.023772651073680873,Q3
2025-06-13,0.0,0.0,0.0,0.0,16.770000457763672,1.82,0.45,0.0010162299356553106,0.023772651073680873,Q3
2025-06-20,0.0,0.0,0.0,0.0,20.81999969482422,1.88,0.51,0.0010162299356553106,0.023772651073680873,Q4_high
2025-06-27,0.0,0.0,0.0,0.0,20.6200008392334,1.84,0.52,0.0010162299356553106,0.023772651073680873,Q3
2025-07-04,0.0,0.0,0.0,0.0,16.31999969482422,1.73,0.47,0.005793208714095943,0.02680453865910226,Q3
2025-07-11,0.0,0.0,0.0,0.0,16.3799991607666,1.75,0.45,0.005793208714095943,0.02680453865910226,Q3
2025-07-18,0.0,0.0,0.0,0.0,16.399999618530273,1.76,0.48,0.005793208714095943,0.02680453865910226,Q3
2025-07-25,0.0,0.0,0.0,0.0,16.40999984741211,1.79,0.56,0.005793208714095943,0.02680453865910226,Q3
2025-08-01,0.0,0.0,0.0,0.0,14.930000305175781,1.6799,0.47,0.019187662602012212,0.02742618052167134,Q2
2025-08-08,0.0,0.0,0.0,0.0,20.3799991607666,1.72,0.53,0.019187662602012212,0.02742618052167134,Q3
2025-08-15,0.0,0.0,0.0,0.0,15.149999618530273,1.73,0.56,0.019187662602012212,0.02742618052167134,Q2
2025-08-22,0.0,0.0,0.0,0.0,15.09000015258789,1.69,0.49,0.019187662602012212,0.02742618052167134,Q2
2025-08-29,0.0,0.0,0.0,0.0,14.220000267028809,1.75,0.54,0.011886779865559305,0.029385917430316155,Q2
2025-09-05,0.0,0.0,0.0,0.0,15.359999656677246,1.74,0.51,0.011886779865559305,0.029385917430316155,Q2
2025-09-12,0.0,0.0,0.0,0.0,15.180000305175781,1.69,0.58,0.011886779865559305,0.029385917430316155,Q2
2025-09-19,0.0,0.0,0.0,0.0,14.760000228881836,1.73,0.58,0.011886779865559305,0.029385917430316155,Q2
2025-09-26,0.0,0.0,0.0,0.0,15.449999809265137,1.8,0.64,0.011886779865559305,0.029385917430316155,Q2
2025-10-03,0.0,0.0,0.0,0.0,15.289999961853027,1.78,0.59,0.018631698334008018,0.030225715847133294,Q2
2025-10-10,0.0,0.0,0.0,0.0,16.649999618530273,1.7,0.5,0.018631698334008018,0.030225715847133294,Q3
2025-10-17,1.0,0.0,0.0,0.0,21.65999984741211,1.68,0.57,0.018631698334008018,0.030225715847133294,Q4_high
2025-10-24,1.0,0.0,0.0,0.0,20.780000686645508,1.6799,0.57,0.018631698334008018,0.030225715847133294,Q3
2025-10-31,0.0,0.0,0.0,0.0,16.3700008392334,1.6799,0.55,0.017593332629600056,0.027291362382022122,Q3
2025-11-07,0.0,0.0,0.0,0.0,17.440000534057617,1.72,0.53,0.017593332629600056,0.027291362382022122,Q3
2025-11-14,0.0,0.0,0.0,0.0,19.079999923706055,1.7,0.56,0.017593332629600056,0.027291362382022122,Q3
2025-11-21,1.0,0.0,0.0,0.0,19.829999923706055,1.6799,0.54,0.017593332629600056,0.027291362382022122,Q3
2025-11-28,1.0,0.0,0.0,0.0,23.43000030517578,1.69,0.51,0.019407306694866122,0.02438014962341395,Q4_high
2025-12-05,0.0,0.0,0.0,0.0,16.350000381469727,1.75,0.56,0.017543117556713783,0.026964439164939513,Q3
2025-12-12,0.0,0.0,0.0,0.0,15.40999984741211,1.77,0.52,0.017543117556713783,0.026964439164939513,Q2
2025-12-19,0.0,0.0,0.0,0.0,15.739999771118164,1.82,0.55,0.017543117556713783,0.026964439164939513,Q2
2025-12-26,0.0,0.0,0.0,0.0,14.90999984741211,1.78,0.55,0.017543117556713783,0.026964439164939513,Q2
2026-01-02,0.0,0.0,0.0,0.0,13.600000381469727,1.74,0.58,0.011891080493544814,0.02653304114557753,Q2
2026-01-09,0.0,0.0,0.0,0.0,14.510000228881836,1.76,0.67,0.011891080493544814,0.02653304114557753,Q2
2026-01-16,0.0,0.0,0.0,0.0,14.489999771118164,1.76,0.68,0.011891080493544814,0.02653304114557753,Q2
2026-01-23,0.0,0.0,0.0,0.0,15.859999656677246,1.75,0.68,0.011891080493544814,0.02653304114557753,Q2
2026-01-30,0.0,0.0,0.0,0.0,16.09000015258789,1.74,0.72,0.014080889664387142,0.02391201432150014,Q2
2026-02-06,0.0,0.0,0.0,0.0,17.440000534057617,1.7,0.64,0.014080889664387142,0.02391201432150014,Q3
2026-02-13,1.0,0.0,0.0,0.0,20.3700008392334,1.6799,0.65,0.014080889664387142,0.02391201432150014,Q3
2026-02-20,1.0,0.0,0.0,0.0,20.600000381469727,1.6799,0.64,0.014080889664387142,0.02391201432150014,Q3
2026-02-27,1.0,0.0,0.0,0.0,19.09000015258789,1.6799,0.74,0.014080889664387142,0.02391201432150014,Q3
2026-03-06,1.0,0.0,0.0,0.0,19.860000610351562,1.6799,0.72,0.00990709134484602,0.024340041103732224,Q3
2026-03-13,1.0,0.0,0.0,0.0,29.489999771118164,1.72,0.64,0.00990709134484602,0.024340041103732224,Q4_high
2026-03-20,1.0,0.0,0.0,0.0,27.190000534057617,1.69,0.6,0.00990709134484602,0.024340041103732224,Q4_high
2026-03-27,1.0,0.0,0.0,0.0,26.780000686645508,1.8,0.59,0.00990709134484602,0.024340041103732224,Q4_high
2026-04-03,1.0,0.0,1.0,0.0,31.049999237060547,1.75,0.59,0.007577167152940767,0.032859577528651984,Q4_high
2026-04-10,1.0,0.0,1.0,0.0,23.8700008392334,1.83,0.55,0.007577167152940767,0.032859577528651984,Q4_high
2026-04-17,1.0,0.0,1.0,0.0,19.229999542236328,1.79,0.51,0.007577167152940767,0.032859577528651984,Q3
2026-04-24,0.0,0.0,1.0,0.0,17.479999542236328,1.78,0.56,0.007577167152940767,0.032859577528651984,Q3
2026-05-01,0.0,0.0,1.0,0.0,18.709999084472656,1.74,0.51,0.01353137956983197,0.0375499603070808,Q3
2026-05-08,0.0,0.0,1.0,0.0,16.989999771118164,1.72,0.5,0.01353137956983197,0.0375499603070808,Q3
2026-05-15,0.0,0.0,1.0,0.0,17.190000534057617,1.72,0.55,0.01353137956983197,0.0375499603070808,Q3
2026-05-22,0.0,0.0,1.0,0.0,18.43000030517578,1.7,0.53,0.01353137956983197,0.0375499603070808,Q3
2026-05-29,0.0,0.0,1.0,0.0,16.700000762939453,1.69,0.51,0.015161614610931462,0.0375499603070808,Q3
2026-06-05,0.0,0.0,1.0,0.0,15.319999694824219,1.6799,0.48,0.015161614610931462,0.0375499603070808,Q2
2026-06-12,1.0,0.0,1.0,0.0,21.510000228881836,1.6799,0.5,0.015161614610931462,0.0375499603070808,Q4_high
2026-06-19,0.0,0.0,1.0,0.0,17.68000030517578,1.6799,0.43,0.015161614610931462,0.0375499603070808,Q3
2026-06-26,0.0,0.0,1.0,0.0,16.399999618530273,1.6799,0.47,0.015161614610931462,0.0375499603070808,Q3
2026-07-03,0.0,0.0,1.0,0.0,18.40999984741211,1.6799,0.38,0.01002971072690273,0.0375499603070808,Q3
2026-07-10,0.0,0.0,1.0,0.0,16.149999618530273,1.6799,0.39,0.01002971072690273,0.0375499603070808,Q2
